回数,WS_name,company_name,address,LocName,fX,fY
4,WORKSTYLING 横浜,AGCグラスプロダクツ株式会社,東京都台東区東上野4-24-11,東京都/台東区/東上野/四丁目/２４番,139.78198,35.71535
3,WORKSTYLING 横浜,DSM株式会社,東京都港区芝公園2-6-3,東京都/港区/芝公園/二丁目/６番,139.75049,35.65554
57,WORKSTYLING 横浜,JFEエンジニアリング株式会社,東京都千代田区丸の内1-8?1,東京都/千代田区/丸の内/一丁目/８番,139.76956,35.68267
22,WORKSTYLING 横浜,NECネッツエスアイ株式会社,東京都文京区後楽2-6-1,東京都/文京区/後楽/二丁目/６番,139.74509,35.7054
1,WORKSTYLING 横浜,PSソリューションズ株式会社,東京都港区東新橋1-5-2,東京都/港区/東新橋/一丁目/５番,139.7614,35.66563
6,WORKSTYLING 横浜,PwC税理士法人,東京都千代田区霞が関3-2?5,東京都/千代田区/霞が関/三丁目/２番,139.74791,35.67119
1,WORKSTYLING 横浜,Sansan株式会社,東京都渋谷区神宮前5?52?2,東京都/渋谷区/神宮前/五丁目,139.70602,35.66452
4,WORKSTYLING 横浜,アビームコンサルティング株式会社,東京都千代田区丸の内1-4-1,東京都/千代田区/丸の内/一丁目/４番,139.76479,35.68402
4,WORKSTYLING 横浜,クリーンエア・スカンジナビア株式会社,東京都港区東新橋1-5?2,東京都/港区/東新橋/一丁目/５番,139.7614,35.66563
38,WORKSTYLING 横浜,コクヨ株式会社,東京都港区港南1-8?35,東京都/港区/港南/一丁目/８番,139.74399,35.63012
38,WORKSTYLING 横浜,シスコシステムズ合同会社,東京都港区赤坂9-7-1,東京都/港区/赤坂/九丁目/７番,139.73221,35.66602
4,WORKSTYLING 横浜,マーサージャパン株式会社,東京都新宿区西新宿3-20?2,東京都/新宿区/西新宿/三丁目/２０番,139.68678,35.68319
48,WORKSTYLING 横浜,ヤフー株式会社,東京都千代田区紀尾井町1-3,東京都/千代田区/紀尾井町/１番,139.73718,35.67992
2,WORKSTYLING 横浜,ヤマハ株式会社,東京都港区高輪2?17?11,東京都/港区/高輪/二丁目,139.73688,35.63742
6,WORKSTYLING 横浜,ユニリーバ・ジャパン・カスタマーマーケティング株式会社,東京都目黒区上目黒2-1-1,東京都/目黒区/上目黒/二丁目/１番,139.69885,35.64357
11,WORKSTYLING 横浜,ユニリーバ・ジャパン・サービス株式会社,東京都目黒区上目黒2-1-1,東京都/目黒区/上目黒/二丁目/１番,139.69885,35.64357
5,WORKSTYLING 横浜,ユニリーバ・ジャパン・ホールディングス株式会社,東京都目黒区上目黒2-1-1,東京都/目黒区/上目黒/二丁目/１番,139.69885,35.64357
10,WORKSTYLING 横浜,ユニリーバ・ジャパン株式会社,東京都目黒区上目黒2-1-1,東京都/目黒区/上目黒/二丁目/１番,139.69885,35.64357
9,WORKSTYLING 横浜,ららぽーとエージェンシー株式会社,東京都中央区日本橋浜町2-31-1,東京都/中央区/日本橋浜町/二丁目/３１番,139.78699,35.68779
17,WORKSTYLING 横浜,株式会社NBFオフィスマネジメント,東京都中央区銀座6-17-1,東京都/中央区/銀座/六丁目/１７番,139.76654,35.66751
44,WORKSTYLING 横浜,株式会社NTTドコモ,東京都千代田区永田町2-11-1,東京都/千代田区/永田町/二丁目/１１番,139.74059,35.67326
13,WORKSTYLING 横浜,株式会社エヌ・ティ・ティ・データ,東京都江東区豊洲3-3-3,東京都/江東区/豊洲/三丁目/３番,139.79672,35.65571
4,WORKSTYLING 横浜,株式会社エヌ・ティ・ティネオメイト,東京都文京区小石川1-4-1,東京都/文京区/小石川/一丁目/４番,139.75233,35.71002
7,WORKSTYLING 横浜,株式会社べルコンサルJP,神奈川県横浜市瀬谷区本郷3-58-10,神奈川県/横浜市/瀬谷区/本郷/三丁目/５８番,139.47374,35.47206
6,WORKSTYLING 横浜,株式会社ラック,東京都千代田区平河町2-16-1,東京都/千代田区/平河町/二丁目/１６番,139.74239,35.67955
2,WORKSTYLING 横浜,株式会社関電工,東京都港区芝4-8-33,東京都/港区/芝/四丁目/８番,139.75311,35.64881
33,WORKSTYLING 横浜,株式会社三菱総合研究所,東京都千代田区永田町2-10-3,東京都/千代田区/永田町/二丁目/１０番,139.73984,35.67485
23,WORKSTYLING 横浜,株式会社電通,東京都港区東新橋1-8-1,東京都/港区/東新橋/一丁目/８番,139.76227,35.66455
2,WORKSTYLING 横浜,株式会社電通アドギア,東京都中央区銀座8-21-1,東京都/中央区/銀座/八丁目/２１番,139.7639,35.66413
54,WORKSTYLING 横浜,株式会社日建設計,東京都千代田区飯田橋2-18-3,東京都/千代田区/飯田橋/二丁目/１８番,139.75116,35.69929
2,WORKSTYLING 横浜,株式会社日立ビルシステム,東京都千代田区神田淡路町2-101,東京都/千代田区/神田淡路町/二丁目/１０１番地,139.76688,35.69763
1,WORKSTYLING 横浜,株式会社博報堂,東京都港区赤坂5-3-1,東京都/港区/赤坂/五丁目/３番,139.73517,35.67256
1,WORKSTYLING 横浜,株式会社富士ゼロックス総合教育研究所,東京都港区六本木3-1-1,東京都/港区/六本木/三丁目/１番,139.73784,35.66545
5,WORKSTYLING 横浜,株式会社野村総合研究所,東京都千代田区大手町1-9-2,東京都/千代田区/大手町/一丁目/９番,139.76541,35.68829
10,WORKSTYLING 横浜,株式会社髙島屋,東京都中央区日本橋2-4-1,東京都/中央区/日本橋/二丁目/４番,139.77345,35.68077
2,WORKSTYLING 横浜,丸紅株式会社,東京都中央区日本橋2-7-1,東京都/中央区/日本橋/二丁目/７番,139.77417,35.68193
18,WORKSTYLING 横浜,三井デザインテック株式会社,東京都港区芝3-2?18,東京都/港区/芝/三丁目/２番,139.74657,35.65336
1,WORKSTYLING 横浜,三井情報株式会社,東京都港区愛宕2-5-1,東京都/港区/愛宕/二丁目/５番,139.74896,35.66205
9,WORKSTYLING 横浜,三井不動産ビルマネジメント株式会社,東京都中央区銀座6-17-1,東京都/中央区/銀座/六丁目/１７番,139.76654,35.66751
6,WORKSTYLING 横浜,三井不動産レジデンシャルリース株式会社,東京都新宿区西新宿2-1-1,東京都/新宿区/西新宿/二丁目/１番,139.69392,35.69166
5,WORKSTYLING 横浜,三井不動産レジデンシャル株式会社,東京都中央区銀座6-17-1,東京都/中央区/銀座/六丁目/１７番,139.76654,35.66751
112,WORKSTYLING 横浜,三井不動産株式会社,東京都中央区日本橋室町2-1-1,東京都/中央区/日本橋室町/二丁目/１番,139.77303,35.6867
1,WORKSTYLING 横浜,三井不動産商業マネジメント株式会社,東京都中央区日本橋浜町2-31-1,東京都/中央区/日本橋浜町/二丁目/３１番,139.78699,35.68779
20,WORKSTYLING 横浜,三井物産株式会社,東京都千代田区丸の内1-1-3,東京都/千代田区/丸の内/一丁目/１番,139.76176,35.68456
30,WORKSTYLING 横浜,資生堂ジャパン株式会社,東京都港区東新橋1-6?2,東京都/港区/東新橋/一丁目/６番,139.76015,35.66426
9,WORKSTYLING 横浜,鹿島建設株式会社,東京都港区元赤坂1-3-1,東京都/港区/元赤坂/一丁目/３番,139.73395,35.67704
1,WORKSTYLING 横浜,清水建設株式会社,東京都中央区京橋2-16-1,東京都/中央区/京橋/二丁目/１６番,139.77303,35.67662
2,WORKSTYLING 横浜,東京電力エナジーパートナー株式会社,東京都港区海岸1-11-1,東京都/港区/海岸/一丁目/１１番,139.76341,35.65524
17,WORKSTYLING 横浜,凸版印刷株式会社,東京都台東区台東1-5-1,東京都/台東区/台東/一丁目/５番,139.77817,35.70091
1,WORKSTYLING 横浜,日本ユニシス株式会社,東京都江東区豊洲1?1?1,東京都/江東区/豊洲/一丁目,139.79204,35.66181
106,WORKSTYLING 横浜,富士ゼロックス株式会社,東京都港区赤坂9-7-3,東京都/港区/赤坂/九丁目/７番,139.73221,35.66602
462,WORKSTYLING 横浜,味の素株式会社,東京都中央区京橋1-15-1,東京都/中央区/京橋/一丁目/１５番,139.77327,35.67701
3,WORKSTYLING 横浜,味の素冷凍食品株式会社,東京都中央区銀座7-14-13,東京都/中央区/銀座/七丁目/１４番,139.7648,35.66739
4,WORKSTYLING 霞が関,AGCグラスプロダクツ株式会社,東京都台東区東上野4-24-11,東京都/台東区/東上野/四丁目/２４番,139.78198,35.71535
5,WORKSTYLING 霞が関,JFEエンジニアリング株式会社,東京都千代田区丸の内1-8?1,東京都/千代田区/丸の内/一丁目/８番,139.76956,35.68267
6,WORKSTYLING 霞が関,KMT株式会社,長崎県諫早市津久葉町2060-15,長崎県/諫早市/津久葉町/２０６０番地,130.01628,32.82634
1,WORKSTYLING 霞が関,MTUJapan,大阪府大阪市北区西天満4-14-3,大阪府/大阪市/北区/西天満/四丁目/１４番,135.50133,34.69724
24,WORKSTYLING 霞が関,NECネッツエスアイ株式会社,東京都文京区後楽2-6-1,東京都/文京区/後楽/二丁目/６番,139.74509,35.7054
67,WORKSTYLING 霞が関,PwC税理士法人,東京都千代田区霞が関3-2?5,東京都/千代田区/霞が関/三丁目/２番,139.74791,35.67119
5,WORKSTYLING 霞が関,Sansan株式会社,東京都渋谷区神宮前5?52?2,東京都/渋谷区/神宮前/五丁目,139.70602,35.66452
43,WORKSTYLING 霞が関,アビームコンサルティング株式会社,東京都千代田区丸の内1-4-1,東京都/千代田区/丸の内/一丁目/４番,139.76479,35.68402
2,WORKSTYLING 霞が関,ウッドワード・ジャパン株式会社,千葉県千葉市美浜区中瀬2-6?1,千葉県/千葉市/美浜区/中瀬/二丁目/６番地,140.03857,35.64831
3,WORKSTYLING 霞が関,オムロン株式会社,東京都目黒区三田1-6-21,東京都/目黒区/三田/一丁目/６番,139.71379,35.639
3,WORKSTYLING 霞が関,クリーンエア・スカンジナビア株式会社,東京都港区東新橋1-5?2,東京都/港区/東新橋/一丁目/５番,139.7614,35.66563
295,WORKSTYLING 霞が関,コクヨ株式会社,東京都港区港南1-8?35,東京都/港区/港南/一丁目/８番,139.74399,35.63012
11,WORKSTYLING 霞が関,シスコシステムズ合同会社,東京都港区赤坂9-7-1,東京都/港区/赤坂/九丁目/７番,139.73221,35.66602
7,WORKSTYLING 霞が関,プライマル株式会社,東京都港区芝1-6-10,東京都/港区/芝/一丁目/６番,139.75487,35.652
13,WORKSTYLING 霞が関,マーサージャパン株式会社,東京都新宿区西新宿3-20?2,東京都/新宿区/西新宿/三丁目/２０番,139.68678,35.68319
63,WORKSTYLING 霞が関,ヤフー株式会社,東京都千代田区紀尾井町1-3,東京都/千代田区/紀尾井町/１番,139.73718,35.67992
1,WORKSTYLING 霞が関,ヤマハ株式会社,東京都港区高輪2?17?11,東京都/港区/高輪/二丁目,139.73688,35.63742
7,WORKSTYLING 霞が関,ユニリーバ・ジャパン・カスタマーマーケティング株式会社,東京都目黒区上目黒2-1-1,東京都/目黒区/上目黒/二丁目/１番,139.69885,35.64357
5,WORKSTYLING 霞が関,ユニリーバ・ジャパン・サービス株式会社,東京都目黒区上目黒2-1-1,東京都/目黒区/上目黒/二丁目/１番,139.69885,35.64357
14,WORKSTYLING 霞が関,ユニリーバ・ジャパン・ホールディングス株式会社,東京都目黒区上目黒2-1-1,東京都/目黒区/上目黒/二丁目/１番,139.69885,35.64357
5,WORKSTYLING 霞が関,株式会社IHI,東京都江東区豊洲3-1-1,東京都/江東区/豊洲/三丁目/１番,139.79329,35.65923
4,WORKSTYLING 霞が関,株式会社NBFオフィスマネジメント,東京都中央区銀座6-17-1,東京都/中央区/銀座/六丁目/１７番,139.76654,35.66751
255,WORKSTYLING 霞が関,株式会社NTTドコモ,東京都千代田区永田町2-11-1,東京都/千代田区/永田町/二丁目/１１番,139.74059,35.67326
1,WORKSTYLING 霞が関,株式会社インターネットイニシアティブ,東京都千代田区富士見2-10-2,東京都/千代田区/富士見/二丁目/１０番,139.74358,35.69881
9,WORKSTYLING 霞が関,株式会社エヌ・ティ・ティ・データ,東京都江東区豊洲3-3-3,東京都/江東区/豊洲/三丁目/３番,139.79672,35.65571
17,WORKSTYLING 霞が関,株式会社エヌ・ティ・ティネオメイト,東京都文京区小石川1-4-1,東京都/文京区/小石川/一丁目/４番,139.75233,35.71002
54,WORKSTYLING 霞が関,株式会社クリューシステムズ,東京都千代田区霞が関3-2-6,東京都/千代田区/霞が関/三丁目/２番,139.74791,35.67119
6,WORKSTYLING 霞が関,株式会社クルーズコーポレーション,埼玉県久喜市江面1479,埼玉県/久喜市/江面/１４７９番地,139.6577,36.05851
11,WORKSTYLING 霞が関,株式会社シグマクシス,東京都港区虎ノ門4-1-28,東京都/港区/虎ノ門/四丁目/１番,139.74454,35.66541
16,WORKSTYLING 霞が関,株式会社べルコンサルJP,神奈川県横浜市瀬谷区本郷3-58-10,神奈川県/横浜市/瀬谷区/本郷/三丁目/５８番,139.47374,35.47206
3,WORKSTYLING 霞が関,株式会社ラック,東京都千代田区平河町2-16-1,東京都/千代田区/平河町/二丁目/１６番,139.74239,35.67955
13,WORKSTYLING 霞が関,株式会社三菱総合研究所,東京都千代田区永田町2-10-3,東京都/千代田区/永田町/二丁目/１０番,139.73984,35.67485
24,WORKSTYLING 霞が関,株式会社電通,東京都港区東新橋1-8-1,東京都/港区/東新橋/一丁目/８番,139.76227,35.66455
2,WORKSTYLING 霞が関,株式会社電通アドギア,東京都中央区銀座8-21-1,東京都/中央区/銀座/八丁目/２１番,139.7639,35.66413
33,WORKSTYLING 霞が関,株式会社日建設計,東京都千代田区飯田橋2-18-3,東京都/千代田区/飯田橋/二丁目/１８番,139.75116,35.69929
12,WORKSTYLING 霞が関,株式会社日立ビルシステム,東京都千代田区神田淡路町2-101,東京都/千代田区/神田淡路町/二丁目/１０１番地,139.76688,35.69763
9,WORKSTYLING 霞が関,株式会社博報堂,東京都港区赤坂5-3-1,東京都/港区/赤坂/五丁目/３番,139.73517,35.67256
1,WORKSTYLING 霞が関,株式会社富士ゼロックス総合教育研究所,東京都港区六本木3-1-1,東京都/港区/六本木/三丁目/１番,139.73784,35.66545
20,WORKSTYLING 霞が関,株式会社野村総合研究所,東京都千代田区大手町1-9-2,東京都/千代田区/大手町/一丁目/９番,139.76541,35.68829
1,WORKSTYLING 霞が関,株式会社髙島屋,東京都中央区日本橋2-4-1,東京都/中央区/日本橋/二丁目/４番,139.77345,35.68077
1,WORKSTYLING 霞が関,丸紅株式会社,東京都中央区日本橋2-7-1,東京都/中央区/日本橋/二丁目/７番,139.77417,35.68193
71,WORKSTYLING 霞が関,三井デザインテック株式会社,東京都港区芝3-2?18,東京都/港区/芝/三丁目/２番,139.74657,35.65336
1,WORKSTYLING 霞が関,三井住友海上火災保険株式会社,東京都千代田区神田駿河台3-9,東京都/千代田区/神田駿河台/三丁目/９番,139.76424,35.6966
3,WORKSTYLING 霞が関,三井情報株式会社,東京都港区愛宕2-5-1,東京都/港区/愛宕/二丁目/５番,139.74896,35.66205
22,WORKSTYLING 霞が関,三井不動産ビルマネジメント株式会社,東京都中央区銀座6-17-1,東京都/中央区/銀座/六丁目/１７番,139.76654,35.66751
8,WORKSTYLING 霞が関,三井不動産レジデンシャルリース株式会社,東京都新宿区西新宿2-1-1,東京都/新宿区/西新宿/二丁目/１番,139.69392,35.69166
20,WORKSTYLING 霞が関,三井不動産レジデンシャル株式会社,東京都中央区銀座6-17-1,東京都/中央区/銀座/六丁目/１７番,139.76654,35.66751
809,WORKSTYLING 霞が関,三井不動産株式会社,東京都中央区日本橋室町2-1-1,東京都/中央区/日本橋室町/二丁目/１番,139.77303,35.6867
3,WORKSTYLING 霞が関,三井不動産商業マネジメント株式会社,東京都中央区日本橋浜町2-31-1,東京都/中央区/日本橋浜町/二丁目/３１番,139.78699,35.68779
1,WORKSTYLING 霞が関,三井不動産投資顧問株式会社,東京都中央区日本橋1-4?1,東京都/中央区/日本橋/一丁目/４番,139.77454,35.68253
32,WORKSTYLING 霞が関,三井物産株式会社,東京都千代田区丸の内1-1-3,東京都/千代田区/丸の内/一丁目/１番,139.76176,35.68456
4,WORKSTYLING 霞が関,三機工業株式会社,東京都中央区明石町8?1,東京都/中央区/明石町/８番,139.77853,35.66677
1,WORKSTYLING 霞が関,資生堂ジャパン株式会社,東京都港区東新橋1-6?2,東京都/港区/東新橋/一丁目/６番,139.76015,35.66426
27,WORKSTYLING 霞が関,鹿島建設株式会社,東京都港区元赤坂1-3-1,東京都/港区/元赤坂/一丁目/３番,139.73395,35.67704
25,WORKSTYLING 霞が関,森村不動産株式会社,東京都千代田区霞が関3-2-5,東京都/千代田区/霞が関/三丁目/２番,139.74791,35.67119
1,WORKSTYLING 霞が関,清水建設株式会社,東京都中央区京橋2-16-1,東京都/中央区/京橋/二丁目/１６番,139.77303,35.67662
10,WORKSTYLING 霞が関,東京電力エナジーパートナー株式会社,東京都港区海岸1-11-1,東京都/港区/海岸/一丁目/１１番,139.76341,35.65524
159,WORKSTYLING 霞が関,凸版印刷株式会社,東京都台東区台東1-5-1,東京都/台東区/台東/一丁目/５番,139.77817,35.70091
3,WORKSTYLING 霞が関,日産自動車株式会社,神奈川県横浜市西区高島1-1-1,神奈川県/横浜市/西区/高島/一丁目/１番,139.62573,35.4633
47,WORKSTYLING 霞が関,日商エレクトロニクス株式会社,東京都千代田区2-3?5,東京都/千代田区/二番町/３番地,139.73779,35.68593
3,WORKSTYLING 霞が関,日本ユニシス株式会社,東京都江東区豊洲1?1?1,東京都/江東区/豊洲/一丁目,139.79204,35.66181
1,WORKSTYLING 霞が関,能美防災株式会社,東京都千代田区九段南4-7-3,東京都/千代田区/九段南/四丁目/７番,139.73885,35.69127
237,WORKSTYLING 霞が関,富士ゼロックス株式会社,東京都港区赤坂9-7-3,東京都/港区/赤坂/九丁目/７番,139.73221,35.66602
99,WORKSTYLING 霞が関,味の素株式会社,東京都中央区京橋1-15-1,東京都/中央区/京橋/一丁目/１５番,139.77327,35.67701
3,WORKSTYLING 海浜幕張,JFEエンジニアリング株式会社,東京都千代田区丸の内1-8?1,東京都/千代田区/丸の内/一丁目/８番,139.76956,35.68267
1,WORKSTYLING 海浜幕張,NECネッツエスアイ株式会社,東京都文京区後楽2-6-1,東京都/文京区/後楽/二丁目/６番,139.74509,35.7054
2,WORKSTYLING 海浜幕張,PwC税理士法人,東京都千代田区霞が関3-2?5,東京都/千代田区/霞が関/三丁目/２番,139.74791,35.67119
1,WORKSTYLING 海浜幕張,アビームコンサルティング株式会社,東京都千代田区丸の内1-4-1,東京都/千代田区/丸の内/一丁目/４番,139.76479,35.68402
2,WORKSTYLING 海浜幕張,クリーンエア・スカンジナビア株式会社,東京都港区東新橋1-5?2,東京都/港区/東新橋/一丁目/５番,139.7614,35.66563
5,WORKSTYLING 海浜幕張,コクヨ株式会社,東京都港区港南1-8?35,東京都/港区/港南/一丁目/８番,139.74399,35.63012
2,WORKSTYLING 海浜幕張,マーサージャパン株式会社,東京都新宿区西新宿3-20?2,東京都/新宿区/西新宿/三丁目/２０番,139.68678,35.68319
15,WORKSTYLING 海浜幕張,ヤフー株式会社,東京都千代田区紀尾井町1-3,東京都/千代田区/紀尾井町/１番,139.73718,35.67992
3,WORKSTYLING 海浜幕張,ヤマハ株式会社,東京都港区高輪2?17?11,東京都/港区/高輪/二丁目,139.73688,35.63742
3,WORKSTYLING 海浜幕張,ユニリーバ・ジャパン・カスタマーマーケティング株式会社,東京都目黒区上目黒2-1-1,東京都/目黒区/上目黒/二丁目/１番,139.69885,35.64357
4,WORKSTYLING 海浜幕張,ららぽーとエージェンシー株式会社,東京都中央区日本橋浜町2-31-1,東京都/中央区/日本橋浜町/二丁目/３１番,139.78699,35.68779
17,WORKSTYLING 海浜幕張,株式会社NTTドコモ,東京都千代田区永田町2-11-1,東京都/千代田区/永田町/二丁目/１１番,139.74059,35.67326
10,WORKSTYLING 海浜幕張,株式会社エヌ・ティ・ティ・データ,東京都江東区豊洲3-3-3,東京都/江東区/豊洲/三丁目/３番,139.79672,35.65571
2,WORKSTYLING 海浜幕張,株式会社ラック,東京都千代田区平河町2-16-1,東京都/千代田区/平河町/二丁目/１６番,139.74239,35.67955
16,WORKSTYLING 海浜幕張,株式会社電通,東京都港区東新橋1-8-1,東京都/港区/東新橋/一丁目/８番,139.76227,35.66455
4,WORKSTYLING 海浜幕張,株式会社電通国際情報サービス,東京都港区港南2-17-1,東京都/港区/港南/二丁目/１７番,139.73891,35.62531
6,WORKSTYLING 海浜幕張,株式会社日建設計,東京都千代田区飯田橋2-18-3,東京都/千代田区/飯田橋/二丁目/１８番,139.75116,35.69929
1,WORKSTYLING 海浜幕張,株式会社富士ゼロックス総合教育研究所,東京都港区六本木3-1-1,東京都/港区/六本木/三丁目/１番,139.73784,35.66545
1,WORKSTYLING 海浜幕張,株式会社野村総合研究所,東京都千代田区大手町1-9-2,東京都/千代田区/大手町/一丁目/９番,139.76541,35.68829
1,WORKSTYLING 海浜幕張,丸紅株式会社,東京都中央区日本橋2-7-1,東京都/中央区/日本橋/二丁目/７番,139.77417,35.68193
6,WORKSTYLING 海浜幕張,三井デザインテック株式会社,東京都港区芝3-2?18,東京都/港区/芝/三丁目/２番,139.74657,35.65336
7,WORKSTYLING 海浜幕張,三井情報株式会社,東京都港区愛宕2-5-1,東京都/港区/愛宕/二丁目/５番,139.74896,35.66205
3,WORKSTYLING 海浜幕張,三井不動産ビルマネジメント株式会社,東京都中央区銀座6-17-1,東京都/中央区/銀座/六丁目/１７番,139.76654,35.66751
81,WORKSTYLING 海浜幕張,三井不動産株式会社,東京都中央区日本橋室町2-1-1,東京都/中央区/日本橋室町/二丁目/１番,139.77303,35.6867
3,WORKSTYLING 海浜幕張,三井不動産商業マネジメント株式会社,東京都中央区日本橋浜町2-31-1,東京都/中央区/日本橋浜町/二丁目/３１番,139.78699,35.68779
4,WORKSTYLING 海浜幕張,三井物産株式会社,東京都千代田区丸の内1-1-3,東京都/千代田区/丸の内/一丁目/１番,139.76176,35.68456
2,WORKSTYLING 海浜幕張,鹿島建設株式会社,東京都港区元赤坂1-3-1,東京都/港区/元赤坂/一丁目/３番,139.73395,35.67704
24,WORKSTYLING 海浜幕張,凸版印刷株式会社,東京都台東区台東1-5-1,東京都/台東区/台東/一丁目/５番,139.77817,35.70091
5,WORKSTYLING 海浜幕張,日商エレクトロニクス株式会社,東京都千代田区2-3?5,東京都/千代田区/二番町/３番地,139.73779,35.68593
1,WORKSTYLING 海浜幕張,能美防災株式会社,東京都千代田区九段南4-7-3,東京都/千代田区/九段南/四丁目/７番,139.73885,35.69127
14,WORKSTYLING 海浜幕張,富士ゼロックス株式会社,東京都港区赤坂9-7-3,東京都/港区/赤坂/九丁目/７番,139.73221,35.66602
71,WORKSTYLING 海浜幕張,味の素株式会社,東京都中央区京橋1-15-1,東京都/中央区/京橋/一丁目/１５番,139.77327,35.67701
1,WORKSTYLING 海浜幕張,味の素冷凍食品株式会社,東京都中央区銀座7-14-13,東京都/中央区/銀座/七丁目/１４番,139.7648,35.66739
2,WORKSTYLING 広島,ウッドワード・ジャパン株式会社,千葉県千葉市美浜区中瀬2-6?1,千葉県/千葉市/美浜区/中瀬/二丁目/６番地,140.03857,35.64831
1,WORKSTYLING 広島,プライマル株式会社,東京都港区芝1-6-10,東京都/港区/芝/一丁目/６番,139.75487,35.652
2,WORKSTYLING 広島,マーサージャパン株式会社,東京都新宿区西新宿3-20?2,東京都/新宿区/西新宿/三丁目/２０番,139.68678,35.68319
1,WORKSTYLING 広島,ヤフー株式会社,東京都千代田区紀尾井町1-3,東京都/千代田区/紀尾井町/１番,139.73718,35.67992
1,WORKSTYLING 広島,リソルゴルフ株式会社,東京都新宿区西新宿6-24-1,東京都/新宿区/西新宿/六丁目/２４番,139.68907,35.69525
1,WORKSTYLING 広島,株式会社NBFオフィスマネジメント,東京都中央区銀座6-17-1,東京都/中央区/銀座/六丁目/１７番,139.76654,35.66751
1,WORKSTYLING 広島,株式会社NTTドコモ,東京都千代田区永田町2-11-1,東京都/千代田区/永田町/二丁目/１１番,139.74059,35.67326
1,WORKSTYLING 広島,株式会社エナリス,東京都千代田区神田駿河台2-5-1,東京都/千代田区/神田駿河台/二丁目/５番,139.76096,35.7
1,WORKSTYLING 広島,株式会社エヌ・ティ・ティネオメイト,東京都文京区小石川1-4-1,東京都/文京区/小石川/一丁目/４番,139.75233,35.71002
1,WORKSTYLING 広島,株式会社ラック,東京都千代田区平河町2-16-1,東京都/千代田区/平河町/二丁目/１６番,139.74239,35.67955
7,WORKSTYLING 広島,株式会社電通国際情報サービス,東京都港区港南2-17-1,東京都/港区/港南/二丁目/１７番,139.73891,35.62531
1,WORKSTYLING 広島,株式会社日建設計,東京都千代田区飯田橋2-18-3,東京都/千代田区/飯田橋/二丁目/１８番,139.75116,35.69929
13,WORKSTYLING 広島,広島電鉄株式会社,広島県広島市中区東千田町2-9-29,広島県/広島市/中区/東千田町/二丁目/９番,132.45941,34.37774
3,WORKSTYLING 広島,三井不動産ビルマネジメント株式会社,東京都中央区銀座6-17-1,東京都/中央区/銀座/六丁目/１７番,139.76654,35.66751
31,WORKSTYLING 広島,三井不動産株式会社,東京都中央区日本橋室町2-1-1,東京都/中央区/日本橋室町/二丁目/１番,139.77303,35.6867
2,WORKSTYLING 広島,三井不動産商業マネジメント株式会社,東京都中央区日本橋浜町2-31-1,東京都/中央区/日本橋浜町/二丁目/３１番,139.78699,35.68779
3,WORKSTYLING 広島,資生堂ジャパン株式会社,東京都港区東新橋1-6?2,東京都/港区/東新橋/一丁目/６番,139.76015,35.66426
1,WORKSTYLING 広島,鹿島建設株式会社,東京都港区元赤坂1-3-1,東京都/港区/元赤坂/一丁目/３番,139.73395,35.67704
1,WORKSTYLING 広島,日本ビルファンドマネジメント株式会社,東京都千代田区丸の内1-9-1,東京都/千代田区/丸の内/一丁目/９番,139.76724,35.68125
1,WORKSTYLING 広島,富士ゼロックス株式会社,東京都港区赤坂9-7-3,東京都/港区/赤坂/九丁目/７番,139.73221,35.66602
1,WORKSTYLING 広島,味の素AGF株式会社,東京都渋谷区初台1-46-3,東京都/渋谷区/初台/一丁目/４６番,139.68829,35.68137
6,WORKSTYLING 広島,味の素株式会社,東京都中央区京橋1-15-1,東京都/中央区/京橋/一丁目/１５番,139.77327,35.67701
4,WORKSTYLING 汐留,AGCグラスプロダクツ株式会社,東京都台東区東上野4-24-11,東京都/台東区/東上野/四丁目/２４番,139.78198,35.71535
1,WORKSTYLING 汐留,AGC硝子建材株式会社,東京都台東区東上野4-24-11,東京都/台東区/東上野/四丁目/２４番,139.78198,35.71535
2,WORKSTYLING 汐留,DSM株式会社,東京都港区芝公園2-6-3,東京都/港区/芝公園/二丁目/６番,139.75049,35.65554
29,WORKSTYLING 汐留,JFEエンジニアリング株式会社,東京都千代田区丸の内1-8?1,東京都/千代田区/丸の内/一丁目/８番,139.76956,35.68267
36,WORKSTYLING 汐留,NECネッツエスアイ株式会社,東京都文京区後楽2-6-1,東京都/文京区/後楽/二丁目/６番,139.74509,35.7054
14,WORKSTYLING 汐留,PSソリューションズ株式会社,東京都港区東新橋1-5-2,東京都/港区/東新橋/一丁目/５番,139.7614,35.66563
3,WORKSTYLING 汐留,PwC税理士法人,東京都千代田区霞が関3-2?5,東京都/千代田区/霞が関/三丁目/２番,139.74791,35.67119
5,WORKSTYLING 汐留,Sansan株式会社,東京都渋谷区神宮前5?52?2,東京都/渋谷区/神宮前/五丁目,139.70602,35.66452
6,WORKSTYLING 汐留,アビームコンサルティング株式会社,東京都千代田区丸の内1-4-1,東京都/千代田区/丸の内/一丁目/４番,139.76479,35.68402
34,WORKSTYLING 汐留,クリーンエア・スカンジナビア株式会社,東京都港区東新橋1-5?2,東京都/港区/東新橋/一丁目/５番,139.7614,35.66563
74,WORKSTYLING 汐留,コクヨ株式会社,東京都港区港南1-8?35,東京都/港区/港南/一丁目/８番,139.74399,35.63012
41,WORKSTYLING 汐留,シスコシステムズ合同会社,東京都港区赤坂9-7-1,東京都/港区/赤坂/九丁目/７番,139.73221,35.66602
28,WORKSTYLING 汐留,プライマル株式会社,東京都港区芝1-6-10,東京都/港区/芝/一丁目/６番,139.75487,35.652
19,WORKSTYLING 汐留,マーサージャパン株式会社,東京都新宿区西新宿3-20?2,東京都/新宿区/西新宿/三丁目/２０番,139.68678,35.68319
99,WORKSTYLING 汐留,ヤフー株式会社,東京都千代田区紀尾井町1-3,東京都/千代田区/紀尾井町/１番,139.73718,35.67992
30,WORKSTYLING 汐留,ヤマハ株式会社,東京都港区高輪2?17?11,東京都/港区/高輪/二丁目,139.73688,35.63742
2,WORKSTYLING 汐留,ユーシーシーフーヅ株式会社,東京都港区新橋6-1-11,東京都/港区/新橋/六丁目/１番,139.75259,35.66262
22,WORKSTYLING 汐留,ユニリーバ・ジャパン・カスタマーマーケティング株式会社,東京都目黒区上目黒2-1-1,東京都/目黒区/上目黒/二丁目/１番,139.69885,35.64357
28,WORKSTYLING 汐留,ユニリーバ・ジャパン・サービス株式会社,東京都目黒区上目黒2-1-1,東京都/目黒区/上目黒/二丁目/１番,139.69885,35.64357
14,WORKSTYLING 汐留,ユニリーバ・ジャパン・ホールディングス株式会社,東京都目黒区上目黒2-1-1,東京都/目黒区/上目黒/二丁目/１番,139.69885,35.64357
6,WORKSTYLING 汐留,ららぽーとエージェンシー株式会社,東京都中央区日本橋浜町2-31-1,東京都/中央区/日本橋浜町/二丁目/３１番,139.78699,35.68779
3,WORKSTYLING 汐留,リソルホールディングス株式会社,東京都新宿区西新宿6-24-1,東京都/新宿区/西新宿/六丁目/２４番,139.68907,35.69525
1,WORKSTYLING 汐留,リソルホテル株式会社,東京都新宿区西新宿6-24-1,東京都/新宿区/西新宿/六丁目/２４番,139.68907,35.69525
3,WORKSTYLING 汐留,リソルライフサポート株式会社,東京都新宿区西新宿6-24-1,東京都/新宿区/西新宿/六丁目/２４番,139.68907,35.69525
24,WORKSTYLING 汐留,株式会社NBFオフィスマネジメント,東京都中央区銀座6-17-1,東京都/中央区/銀座/六丁目/１７番,139.76654,35.66751
494,WORKSTYLING 汐留,株式会社NTTドコモ,東京都千代田区永田町2-11-1,東京都/千代田区/永田町/二丁目/１１番,139.74059,35.67326
1,WORKSTYLING 汐留,株式会社エナリス,東京都千代田区神田駿河台2-5-1,東京都/千代田区/神田駿河台/二丁目/５番,139.76096,35.7
11,WORKSTYLING 汐留,株式会社エヌ・ティ・ティ・データ,東京都江東区豊洲3-3-3,東京都/江東区/豊洲/三丁目/３番,139.79672,35.65571
15,WORKSTYLING 汐留,株式会社エヌ・ティ・ティネオメイト,東京都文京区小石川1-4-1,東京都/文京区/小石川/一丁目/４番,139.75233,35.71002
3,WORKSTYLING 汐留,株式会社きんでん,東京都千代田区九段南2-1-21 ,東京都/千代田区/九段南/二丁目/１番,139.7468,35.69249
1,WORKSTYLING 汐留,株式会社サカワ,東京都港区港南2-16-4,東京都/港区/港南/二丁目/１６番,139.74068,35.62649
5,WORKSTYLING 汐留,株式会社シグナルトーク,東京都大田区蒲田5-8-7,東京都/大田区/蒲田/五丁目/８番,139.71884,35.56308
26,WORKSTYLING 汐留,株式会社シグマクシス,東京都港区虎ノ門4-1-28,東京都/港区/虎ノ門/四丁目/１番,139.74454,35.66541
7,WORKSTYLING 汐留,株式会社ラック,東京都千代田区平河町2-16-1,東京都/千代田区/平河町/二丁目/１６番,139.74239,35.67955
26,WORKSTYLING 汐留,株式会社リクルートホールディングス,東京都千代田区丸の内1-9-2,東京都/千代田区/丸の内/一丁目/９番,139.76724,35.68125
2,WORKSTYLING 汐留,株式会社関電工,東京都港区芝4-8-33,東京都/港区/芝/四丁目/８番,139.75311,35.64881
18,WORKSTYLING 汐留,株式会社三菱総合研究所,東京都千代田区永田町2-10-3,東京都/千代田区/永田町/二丁目/１０番,139.73984,35.67485
15,WORKSTYLING 汐留,株式会社電通,東京都港区東新橋1-8-1,東京都/港区/東新橋/一丁目/８番,139.76227,35.66455
104,WORKSTYLING 汐留,株式会社電通アドギア,東京都中央区銀座8-21-1,東京都/中央区/銀座/八丁目/２１番,139.7639,35.66413
138,WORKSTYLING 汐留,株式会社日建設計,東京都千代田区飯田橋2-18-3,東京都/千代田区/飯田橋/二丁目/１８番,139.75116,35.69929
9,WORKSTYLING 汐留,株式会社日立ビルシステム,東京都千代田区神田淡路町2-101,東京都/千代田区/神田淡路町/二丁目/１０１番地,139.76688,35.69763
5,WORKSTYLING 汐留,株式会社博報堂,東京都港区赤坂5-3-1,東京都/港区/赤坂/五丁目/３番,139.73517,35.67256
4,WORKSTYLING 汐留,株式会社富士ゼロックス総合教育研究所,東京都港区六本木3-1-1,東京都/港区/六本木/三丁目/１番,139.73784,35.66545
10,WORKSTYLING 汐留,株式会社野村総合研究所,東京都千代田区大手町1-9-2,東京都/千代田区/大手町/一丁目/９番,139.76541,35.68829
2,WORKSTYLING 汐留,株式会社髙島屋,東京都中央区日本橋2-4-1,東京都/中央区/日本橋/二丁目/４番,139.77345,35.68077
3,WORKSTYLING 汐留,丸紅株式会社,東京都中央区日本橋2-7-1,東京都/中央区/日本橋/二丁目/７番,139.77417,35.68193
91,WORKSTYLING 汐留,三井デザインテック株式会社,東京都港区芝3-2?18,東京都/港区/芝/三丁目/２番,139.74657,35.65336
15,WORKSTYLING 汐留,三井情報株式会社,東京都港区愛宕2-5-1,東京都/港区/愛宕/二丁目/５番,139.74896,35.66205
51,WORKSTYLING 汐留,三井不動産ビルマネジメント株式会社,東京都中央区銀座6-17-1,東京都/中央区/銀座/六丁目/１７番,139.76654,35.66751
4,WORKSTYLING 汐留,三井不動産レジデンシャルリース株式会社,東京都新宿区西新宿2-1-1,東京都/新宿区/西新宿/二丁目/１番,139.69392,35.69166
9,WORKSTYLING 汐留,三井不動産レジデンシャル株式会社,東京都中央区銀座6-17-1,東京都/中央区/銀座/六丁目/１７番,139.76654,35.66751
1429,WORKSTYLING 汐留,三井不動産株式会社,東京都中央区日本橋室町2-1-1,東京都/中央区/日本橋室町/二丁目/１番,139.77303,35.6867
7,WORKSTYLING 汐留,三井不動産商業マネジメント株式会社,東京都中央区日本橋浜町2-31-1,東京都/中央区/日本橋浜町/二丁目/３１番,139.78699,35.68779
32,WORKSTYLING 汐留,三井物産株式会社,東京都千代田区丸の内1-1-3,東京都/千代田区/丸の内/一丁目/１番,139.76176,35.68456
1,WORKSTYLING 汐留,三機工業株式会社,東京都中央区明石町8?1,東京都/中央区/明石町/８番,139.77853,35.66677
137,WORKSTYLING 汐留,資生堂ジャパン株式会社,東京都港区東新橋1-6?2,東京都/港区/東新橋/一丁目/６番,139.76015,35.66426
50,WORKSTYLING 汐留,鹿島建設株式会社,東京都港区元赤坂1-3-1,東京都/港区/元赤坂/一丁目/３番,139.73395,35.67704
13,WORKSTYLING 汐留,清水建設株式会社,東京都中央区京橋2-16-1,東京都/中央区/京橋/二丁目/１６番,139.77303,35.67662
1,WORKSTYLING 汐留,大成建設株式会社,東京都新宿区西新宿1-25-1,東京都/新宿区/西新宿/一丁目/２５番,139.69543,35.69171
93,WORKSTYLING 汐留,東京電力エナジーパートナー株式会社,東京都港区海岸1-11-1,東京都/港区/海岸/一丁目/１１番,139.76341,35.65524
220,WORKSTYLING 汐留,凸版印刷株式会社,東京都台東区台東1-5-1,東京都/台東区/台東/一丁目/５番,139.77817,35.70091
26,WORKSTYLING 汐留,日産自動車株式会社,神奈川県横浜市西区高島1-1-1,神奈川県/横浜市/西区/高島/一丁目/１番,139.62573,35.4633
41,WORKSTYLING 汐留,日商エレクトロニクス株式会社,東京都千代田区2-3?5,東京都/千代田区/二番町/３番地,139.73779,35.68593
14,WORKSTYLING 汐留,日本ビジネスシステムズ株式会社,東京都港区虎ノ門1-23-1,東京都/港区/虎ノ門/一丁目/２３番,139.74921,35.66683
3,WORKSTYLING 汐留,日本ビルファンドマネジメント株式会社,東京都千代田区丸の内1-9-1,東京都/千代田区/丸の内/一丁目/９番,139.76724,35.68125
21,WORKSTYLING 汐留,日本ユニシス株式会社,東京都江東区豊洲1?1?1,東京都/江東区/豊洲/一丁目,139.79204,35.66181
9,WORKSTYLING 汐留,能美防災株式会社,東京都千代田区九段南4-7-3,東京都/千代田区/九段南/四丁目/７番,139.73885,35.69127
479,WORKSTYLING 汐留,富士ゼロックス株式会社,東京都港区赤坂9-7-3,東京都/港区/赤坂/九丁目/７番,139.73221,35.66602
1,WORKSTYLING 汐留,味の素AGF株式会社,東京都渋谷区初台1-46-3,東京都/渋谷区/初台/一丁目/４６番,139.68829,35.68137
470,WORKSTYLING 汐留,味の素株式会社,東京都中央区京橋1-15-1,東京都/中央区/京橋/一丁目/１５番,139.77327,35.67701
35,WORKSTYLING 汐留,味の素冷凍食品株式会社,東京都中央区銀座7-14-13,東京都/中央区/銀座/七丁目/１４番,139.7648,35.66739
3,WORKSTYLING 渋谷,AGCグラスプロダクツ株式会社,東京都台東区東上野4-24-11,東京都/台東区/東上野/四丁目/２４番,139.78198,35.71535
9,WORKSTYLING 渋谷,JFEエンジニアリング株式会社,東京都千代田区丸の内1-8?1,東京都/千代田区/丸の内/一丁目/８番,139.76956,35.68267
40,WORKSTYLING 渋谷,NECネッツエスアイ株式会社,東京都文京区後楽2-6-1,東京都/文京区/後楽/二丁目/６番,139.74509,35.7054
3,WORKSTYLING 渋谷,PSソリューションズ株式会社,東京都港区東新橋1-5-2,東京都/港区/東新橋/一丁目/５番,139.7614,35.66563
13,WORKSTYLING 渋谷,PwC税理士法人,東京都千代田区霞が関3-2?5,東京都/千代田区/霞が関/三丁目/２番,139.74791,35.67119
5,WORKSTYLING 渋谷,Sansan株式会社,東京都渋谷区神宮前5?52?2,東京都/渋谷区/神宮前/五丁目,139.70602,35.66452
3,WORKSTYLING 渋谷,アビームコンサルティング株式会社,東京都千代田区丸の内1-4-1,東京都/千代田区/丸の内/一丁目/４番,139.76479,35.68402
5,WORKSTYLING 渋谷,オムロン株式会社,東京都目黒区三田1-6-21,東京都/目黒区/三田/一丁目/６番,139.71379,35.639
9,WORKSTYLING 渋谷,クリーンエア・スカンジナビア株式会社,東京都港区東新橋1-5?2,東京都/港区/東新橋/一丁目/５番,139.7614,35.66563
72,WORKSTYLING 渋谷,コクヨ株式会社,東京都港区港南1-8?35,東京都/港区/港南/一丁目/８番,139.74399,35.63012
18,WORKSTYLING 渋谷,シスコシステムズ合同会社,東京都港区赤坂9-7-1,東京都/港区/赤坂/九丁目/７番,139.73221,35.66602
7,WORKSTYLING 渋谷,マーサージャパン株式会社,東京都新宿区西新宿3-20?2,東京都/新宿区/西新宿/三丁目/２０番,139.68678,35.68319
74,WORKSTYLING 渋谷,ヤフー株式会社,東京都千代田区紀尾井町1-3,東京都/千代田区/紀尾井町/１番,139.73718,35.67992
13,WORKSTYLING 渋谷,ヤマハ株式会社,東京都港区高輪2?17?11,東京都/港区/高輪/二丁目,139.73688,35.63742
31,WORKSTYLING 渋谷,ユニリーバ・ジャパン・カスタマーマーケティング株式会社,東京都目黒区上目黒2-1-1,東京都/目黒区/上目黒/二丁目/１番,139.69885,35.64357
29,WORKSTYLING 渋谷,ユニリーバ・ジャパン・サービス株式会社,東京都目黒区上目黒2-1-1,東京都/目黒区/上目黒/二丁目/１番,139.69885,35.64357
7,WORKSTYLING 渋谷,ユニリーバ・ジャパン・ホールディングス株式会社,東京都目黒区上目黒2-1-1,東京都/目黒区/上目黒/二丁目/１番,139.69885,35.64357
6,WORKSTYLING 渋谷,ユニリーバ・ジャパン株式会社,東京都目黒区上目黒2-1-1,東京都/目黒区/上目黒/二丁目/１番,139.69885,35.64357
2,WORKSTYLING 渋谷,ららぽーとエージェンシー株式会社,東京都中央区日本橋浜町2-31-1,東京都/中央区/日本橋浜町/二丁目/３１番,139.78699,35.68779
3,WORKSTYLING 渋谷,リソルホールディングス株式会社,東京都新宿区西新宿6-24-1,東京都/新宿区/西新宿/六丁目/２４番,139.68907,35.69525
21,WORKSTYLING 渋谷,株式会社NBFオフィスマネジメント,東京都中央区銀座6-17-1,東京都/中央区/銀座/六丁目/１７番,139.76654,35.66751
75,WORKSTYLING 渋谷,株式会社NTTドコモ,東京都千代田区永田町2-11-1,東京都/千代田区/永田町/二丁目/１１番,139.74059,35.67326
5,WORKSTYLING 渋谷,株式会社インターネットイニシアティブ,東京都千代田区富士見2-10-2,東京都/千代田区/富士見/二丁目/１０番,139.74358,35.69881
24,WORKSTYLING 渋谷,株式会社エヌ・ティ・ティ・データ,東京都江東区豊洲3-3-3,東京都/江東区/豊洲/三丁目/３番,139.79672,35.65571
15,WORKSTYLING 渋谷,株式会社エヌ・ティ・ティネオメイト,東京都文京区小石川1-4-1,東京都/文京区/小石川/一丁目/４番,139.75233,35.71002
1,WORKSTYLING 渋谷,株式会社サカワ,東京都港区港南2-16-4,東京都/港区/港南/二丁目/１６番,139.74068,35.62649
11,WORKSTYLING 渋谷,株式会社シグナルトーク,東京都大田区蒲田5-8-7,東京都/大田区/蒲田/五丁目/８番,139.71884,35.56308
8,WORKSTYLING 渋谷,株式会社シグマクシス,東京都港区虎ノ門4-1-28,東京都/港区/虎ノ門/四丁目/１番,139.74454,35.66541
14,WORKSTYLING 渋谷,株式会社ラック,東京都千代田区平河町2-16-1,東京都/千代田区/平河町/二丁目/１６番,139.74239,35.67955
10,WORKSTYLING 渋谷,株式会社リクルートホールディングス,東京都千代田区丸の内1-9-2,東京都/千代田区/丸の内/一丁目/９番,139.76724,35.68125
1,WORKSTYLING 渋谷,株式会社関電工,東京都港区芝4-8-33,東京都/港区/芝/四丁目/８番,139.75311,35.64881
14,WORKSTYLING 渋谷,株式会社三菱総合研究所,東京都千代田区永田町2-10-3,東京都/千代田区/永田町/二丁目/１０番,139.73984,35.67485
23,WORKSTYLING 渋谷,株式会社電通,東京都港区東新橋1-8-1,東京都/港区/東新橋/一丁目/８番,139.76227,35.66455
1,WORKSTYLING 渋谷,株式会社電通アドギア,東京都中央区銀座8-21-1,東京都/中央区/銀座/八丁目/２１番,139.7639,35.66413
144,WORKSTYLING 渋谷,株式会社日建設計,東京都千代田区飯田橋2-18-3,東京都/千代田区/飯田橋/二丁目/１８番,139.75116,35.69929
3,WORKSTYLING 渋谷,株式会社博報堂,東京都港区赤坂5-3-1,東京都/港区/赤坂/五丁目/３番,139.73517,35.67256
5,WORKSTYLING 渋谷,株式会社富士ゼロックス総合教育研究所,東京都港区六本木3-1-1,東京都/港区/六本木/三丁目/１番,139.73784,35.66545
13,WORKSTYLING 渋谷,株式会社野村総合研究所,東京都千代田区大手町1-9-2,東京都/千代田区/大手町/一丁目/９番,139.76541,35.68829
3,WORKSTYLING 渋谷,株式会社髙島屋,東京都中央区日本橋2-4-1,東京都/中央区/日本橋/二丁目/４番,139.77345,35.68077
3,WORKSTYLING 渋谷,丸紅株式会社,東京都中央区日本橋2-7-1,東京都/中央区/日本橋/二丁目/７番,139.77417,35.68193
35,WORKSTYLING 渋谷,三井デザインテック株式会社,東京都港区芝3-2?18,東京都/港区/芝/三丁目/２番,139.74657,35.65336
1,WORKSTYLING 渋谷,三井情報株式会社,東京都港区愛宕2-5-1,東京都/港区/愛宕/二丁目/５番,139.74896,35.66205
6,WORKSTYLING 渋谷,三井不動産ビルマネジメント株式会社,東京都中央区銀座6-17-1,東京都/中央区/銀座/六丁目/１７番,139.76654,35.66751
3,WORKSTYLING 渋谷,三井不動産レジデンシャルリース株式会社,東京都新宿区西新宿2-1-1,東京都/新宿区/西新宿/二丁目/１番,139.69392,35.69166
3,WORKSTYLING 渋谷,三井不動産レジデンシャル株式会社,東京都中央区銀座6-17-1,東京都/中央区/銀座/六丁目/１７番,139.76654,35.66751
223,WORKSTYLING 渋谷,三井不動産株式会社,東京都中央区日本橋室町2-1-1,東京都/中央区/日本橋室町/二丁目/１番,139.77303,35.6867
6,WORKSTYLING 渋谷,三井不動産商業マネジメント株式会社,東京都中央区日本橋浜町2-31-1,東京都/中央区/日本橋浜町/二丁目/３１番,139.78699,35.68779
2,WORKSTYLING 渋谷,三井不動産投資顧問株式会社,東京都中央区日本橋1-4?1,東京都/中央区/日本橋/一丁目/４番,139.77454,35.68253
31,WORKSTYLING 渋谷,三井物産株式会社,東京都千代田区丸の内1-1-3,東京都/千代田区/丸の内/一丁目/１番,139.76176,35.68456
3,WORKSTYLING 渋谷,三機工業株式会社,東京都中央区明石町8?1,東京都/中央区/明石町/８番,139.77853,35.66677
90,WORKSTYLING 渋谷,資生堂ジャパン株式会社,東京都港区東新橋1-6?2,東京都/港区/東新橋/一丁目/６番,139.76015,35.66426
17,WORKSTYLING 渋谷,鹿島建設株式会社,東京都港区元赤坂1-3-1,東京都/港区/元赤坂/一丁目/３番,139.73395,35.67704
5,WORKSTYLING 渋谷,東京電力エナジーパートナー株式会社,東京都港区海岸1-11-1,東京都/港区/海岸/一丁目/１１番,139.76341,35.65524
74,WORKSTYLING 渋谷,凸版印刷株式会社,東京都台東区台東1-5-1,東京都/台東区/台東/一丁目/５番,139.77817,35.70091
7,WORKSTYLING 渋谷,日産自動車株式会社,神奈川県横浜市西区高島1-1-1,神奈川県/横浜市/西区/高島/一丁目/１番,139.62573,35.4633
24,WORKSTYLING 渋谷,日商エレクトロニクス株式会社,東京都千代田区2-3?5,東京都/千代田区/二番町/３番地,139.73779,35.68593
1,WORKSTYLING 渋谷,日本ビジネスシステムズ株式会社,東京都港区虎ノ門1-23-1,東京都/港区/虎ノ門/一丁目/２３番,139.74921,35.66683
1,WORKSTYLING 渋谷,能美防災株式会社,東京都千代田区九段南4-7-3,東京都/千代田区/九段南/四丁目/７番,139.73885,35.69127
102,WORKSTYLING 渋谷,富士ゼロックス株式会社,東京都港区赤坂9-7-3,東京都/港区/赤坂/九丁目/７番,139.73221,35.66602
3,WORKSTYLING 渋谷,味の素AGF株式会社,東京都渋谷区初台1-46-3,東京都/渋谷区/初台/一丁目/４６番,139.68829,35.68137
200,WORKSTYLING 渋谷,味の素株式会社,東京都中央区京橋1-15-1,東京都/中央区/京橋/一丁目/１５番,139.77327,35.67701
3,WORKSTYLING 渋谷,味の素冷凍食品株式会社,東京都中央区銀座7-14-13,東京都/中央区/銀座/七丁目/１４番,139.7648,35.66739
18,WORKSTYLING 新宿,AGCグラスプロダクツ株式会社,東京都台東区東上野4-24-11,東京都/台東区/東上野/四丁目/２４番,139.78198,35.71535
13,WORKSTYLING 新宿,JFEエンジニアリング株式会社,東京都千代田区丸の内1-8?1,東京都/千代田区/丸の内/一丁目/８番,139.76956,35.68267
2,WORKSTYLING 新宿,LINDT ＆ SPRUNGLI JAPAN株式会社,東京都港区南青山3-13-18,東京都/港区/南青山/三丁目/１３番,139.71375,35.66557
76,WORKSTYLING 新宿,NECネッツエスアイ株式会社,東京都文京区後楽2-6-1,東京都/文京区/後楽/二丁目/６番,139.74509,35.7054
15,WORKSTYLING 新宿,PwC税理士法人,東京都千代田区霞が関3-2?5,東京都/千代田区/霞が関/三丁目/２番,139.74791,35.67119
16,WORKSTYLING 新宿,Sansan株式会社,東京都渋谷区神宮前5?52?2,東京都/渋谷区/神宮前/五丁目,139.70602,35.66452
6,WORKSTYLING 新宿,アビームコンサルティング株式会社,東京都千代田区丸の内1-4-1,東京都/千代田区/丸の内/一丁目/４番,139.76479,35.68402
2,WORKSTYLING 新宿,ウッドワード・ジャパン株式会社,千葉県千葉市美浜区中瀬2-6?1,千葉県/千葉市/美浜区/中瀬/二丁目/６番地,140.03857,35.64831
1,WORKSTYLING 新宿,オムロンソーシアルソリューションズ株式会社,東京都港区港南2-3-13,東京都/港区/港南/二丁目/３番,139.74388,35.62909
1,WORKSTYLING 新宿,オムロン株式会社,東京都目黒区三田1-6-21,東京都/目黒区/三田/一丁目/６番,139.71379,35.639
5,WORKSTYLING 新宿,クリーンエア・スカンジナビア株式会社,東京都港区東新橋1-5?2,東京都/港区/東新橋/一丁目/５番,139.7614,35.66563
197,WORKSTYLING 新宿,コクヨ株式会社,東京都港区港南1-8?35,東京都/港区/港南/一丁目/８番,139.74399,35.63012
49,WORKSTYLING 新宿,シスコシステムズ合同会社,東京都港区赤坂9-7-1,東京都/港区/赤坂/九丁目/７番,139.73221,35.66602
16,WORKSTYLING 新宿,マーサージャパン株式会社,東京都新宿区西新宿3-20?2,東京都/新宿区/西新宿/三丁目/２０番,139.68678,35.68319
86,WORKSTYLING 新宿,ヤフー株式会社,東京都千代田区紀尾井町1-3,東京都/千代田区/紀尾井町/１番,139.73718,35.67992
10,WORKSTYLING 新宿,ヤマハ株式会社,東京都港区高輪2?17?11,東京都/港区/高輪/二丁目,139.73688,35.63742
9,WORKSTYLING 新宿,ユニリーバ・ジャパン・カスタマーマーケティング株式会社,東京都目黒区上目黒2-1-1,東京都/目黒区/上目黒/二丁目/１番,139.69885,35.64357
4,WORKSTYLING 新宿,ユニリーバ・ジャパン・サービス株式会社,東京都目黒区上目黒2-1-1,東京都/目黒区/上目黒/二丁目/１番,139.69885,35.64357
10,WORKSTYLING 新宿,ユニリーバ・ジャパン・ホールディングス株式会社,東京都目黒区上目黒2-1-1,東京都/目黒区/上目黒/二丁目/１番,139.69885,35.64357
3,WORKSTYLING 新宿,ユニリーバ・ジャパン株式会社,東京都目黒区上目黒2-1-1,東京都/目黒区/上目黒/二丁目/１番,139.69885,35.64357
7,WORKSTYLING 新宿,ららぽーとエージェンシー株式会社,東京都中央区日本橋浜町2-31-1,東京都/中央区/日本橋浜町/二丁目/３１番,139.78699,35.68779
3,WORKSTYLING 新宿,リソルゴルフ株式会社,東京都新宿区西新宿6-24-1,東京都/新宿区/西新宿/六丁目/２４番,139.68907,35.69525
8,WORKSTYLING 新宿,リソルホールディングス株式会社,東京都新宿区西新宿6-24-1,東京都/新宿区/西新宿/六丁目/２４番,139.68907,35.69525
2,WORKSTYLING 新宿,リソルホテル株式会社,東京都新宿区西新宿6-24-1,東京都/新宿区/西新宿/六丁目/２４番,139.68907,35.69525
1,WORKSTYLING 新宿,リソルライフサポート株式会社,東京都新宿区西新宿6-24-1,東京都/新宿区/西新宿/六丁目/２４番,139.68907,35.69525
2,WORKSTYLING 新宿,リソル不動産株式会社,東京都新宿区西新宿6-24-1,東京都/新宿区/西新宿/六丁目/２４番,139.68907,35.69525
13,WORKSTYLING 新宿,わらべや日洋株式会社,東京都小平市小川東町5-7-10,東京都/小平市/小川東町/五丁目/７番,139.46814,35.73369
8,WORKSTYLING 新宿,株式会社NBFオフィスマネジメント,東京都中央区銀座6-17-1,東京都/中央区/銀座/六丁目/１７番,139.76654,35.66751
159,WORKSTYLING 新宿,株式会社NTTドコモ,東京都千代田区永田町2-11-1,東京都/千代田区/永田町/二丁目/１１番,139.74059,35.67326
3,WORKSTYLING 新宿,株式会社インターネットイニシアティブ,東京都千代田区富士見2-10-2,東京都/千代田区/富士見/二丁目/１０番,139.74358,35.69881
31,WORKSTYLING 新宿,株式会社エヌ・ティ・ティ・データ,東京都江東区豊洲3-3-3,東京都/江東区/豊洲/三丁目/３番,139.79672,35.65571
12,WORKSTYLING 新宿,株式会社エヌ・ティ・ティネオメイト,東京都文京区小石川1-4-1,東京都/文京区/小石川/一丁目/４番,139.75233,35.71002
2,WORKSTYLING 新宿,株式会社サカワ,東京都港区港南2-16-4,東京都/港区/港南/二丁目/１６番,139.74068,35.62649
3,WORKSTYLING 新宿,株式会社シグナルトーク,東京都大田区蒲田5-8-7,東京都/大田区/蒲田/五丁目/８番,139.71884,35.56308
3,WORKSTYLING 新宿,株式会社シグマクシス,東京都港区虎ノ門4-1-28,東京都/港区/虎ノ門/四丁目/１番,139.74454,35.66541
30,WORKSTYLING 新宿,株式会社ラック,東京都千代田区平河町2-16-1,東京都/千代田区/平河町/二丁目/１６番,139.74239,35.67955
5,WORKSTYLING 新宿,株式会社関電工,東京都港区芝4-8-33,東京都/港区/芝/四丁目/８番,139.75311,35.64881
33,WORKSTYLING 新宿,株式会社三菱総合研究所,東京都千代田区永田町2-10-3,東京都/千代田区/永田町/二丁目/１０番,139.73984,35.67485
32,WORKSTYLING 新宿,株式会社電通,東京都港区東新橋1-8-1,東京都/港区/東新橋/一丁目/８番,139.76227,35.66455
1,WORKSTYLING 新宿,株式会社電通国際情報サービス,東京都港区港南2-17-1,東京都/港区/港南/二丁目/１７番,139.73891,35.62531
233,WORKSTYLING 新宿,株式会社日建設計,東京都千代田区飯田橋2-18-3,東京都/千代田区/飯田橋/二丁目/１８番,139.75116,35.69929
2,WORKSTYLING 新宿,株式会社日立ビルシステム,東京都千代田区神田淡路町2-101,東京都/千代田区/神田淡路町/二丁目/１０１番地,139.76688,35.69763
7,WORKSTYLING 新宿,株式会社博報堂,東京都港区赤坂5-3-1,東京都/港区/赤坂/五丁目/３番,139.73517,35.67256
13,WORKSTYLING 新宿,株式会社富士ゼロックス総合教育研究所,東京都港区六本木3-1-1,東京都/港区/六本木/三丁目/１番,139.73784,35.66545
55,WORKSTYLING 新宿,株式会社野村総合研究所,東京都千代田区大手町1-9-2,東京都/千代田区/大手町/一丁目/９番,139.76541,35.68829
3,WORKSTYLING 新宿,株式会社髙島屋,東京都中央区日本橋2-4-1,東京都/中央区/日本橋/二丁目/４番,139.77345,35.68077
3,WORKSTYLING 新宿,丸紅株式会社,東京都中央区日本橋2-7-1,東京都/中央区/日本橋/二丁目/７番,139.77417,35.68193
29,WORKSTYLING 新宿,三井デザインテック株式会社,東京都港区芝3-2?18,東京都/港区/芝/三丁目/２番,139.74657,35.65336
1,WORKSTYLING 新宿,三井住友海上火災保険株式会社,東京都千代田区神田駿河台3-9,東京都/千代田区/神田駿河台/三丁目/９番,139.76424,35.6966
14,WORKSTYLING 新宿,三井情報株式会社,東京都港区愛宕2-5-1,東京都/港区/愛宕/二丁目/５番,139.74896,35.66205
2,WORKSTYLING 新宿,三井不動産ビルマネジメント株式会社,東京都中央区銀座6-17-1,東京都/中央区/銀座/六丁目/１７番,139.76654,35.66751
10,WORKSTYLING 新宿,三井不動産レジデンシャルリース株式会社,東京都新宿区西新宿2-1-1,東京都/新宿区/西新宿/二丁目/１番,139.69392,35.69166
98,WORKSTYLING 新宿,三井不動産レジデンシャル株式会社,東京都中央区銀座6-17-1,東京都/中央区/銀座/六丁目/１７番,139.76654,35.66751
331,WORKSTYLING 新宿,三井不動産株式会社,東京都中央区日本橋室町2-1-1,東京都/中央区/日本橋室町/二丁目/１番,139.77303,35.6867
6,WORKSTYLING 新宿,三井不動産商業マネジメント株式会社,東京都中央区日本橋浜町2-31-1,東京都/中央区/日本橋浜町/二丁目/３１番,139.78699,35.68779
2,WORKSTYLING 新宿,三井不動産投資顧問株式会社,東京都中央区日本橋1-4?1,東京都/中央区/日本橋/一丁目/４番,139.77454,35.68253
37,WORKSTYLING 新宿,三井物産株式会社,東京都千代田区丸の内1-1-3,東京都/千代田区/丸の内/一丁目/１番,139.76176,35.68456
2,WORKSTYLING 新宿,三機工業株式会社,東京都中央区明石町8?1,東京都/中央区/明石町/８番,139.77853,35.66677
24,WORKSTYLING 新宿,資生堂ジャパン株式会社,東京都港区東新橋1-6?2,東京都/港区/東新橋/一丁目/６番,139.76015,35.66426
27,WORKSTYLING 新宿,鹿島建設株式会社,東京都港区元赤坂1-3-1,東京都/港区/元赤坂/一丁目/３番,139.73395,35.67704
1,WORKSTYLING 新宿,清水建設株式会社,東京都中央区京橋2-16-1,東京都/中央区/京橋/二丁目/１６番,139.77303,35.67662
9,WORKSTYLING 新宿,大成建設株式会社,東京都新宿区西新宿1-25-1,東京都/新宿区/西新宿/一丁目/２５番,139.69543,35.69171
32,WORKSTYLING 新宿,東京電力エナジーパートナー株式会社,東京都港区海岸1-11-1,東京都/港区/海岸/一丁目/１１番,139.76341,35.65524
138,WORKSTYLING 新宿,凸版印刷株式会社,東京都台東区台東1-5-1,東京都/台東区/台東/一丁目/５番,139.77817,35.70091
5,WORKSTYLING 新宿,日産自動車株式会社,神奈川県横浜市西区高島1-1-1,神奈川県/横浜市/西区/高島/一丁目/１番,139.62573,35.4633
40,WORKSTYLING 新宿,日商エレクトロニクス株式会社,東京都千代田区2-3?5,東京都/千代田区/二番町/３番地,139.73779,35.68593
4,WORKSTYLING 新宿,日本ビジネスシステムズ株式会社,東京都港区虎ノ門1-23-1,東京都/港区/虎ノ門/一丁目/２３番,139.74921,35.66683
2,WORKSTYLING 新宿,日本ビルファンドマネジメント株式会社,東京都千代田区丸の内1-9-1,東京都/千代田区/丸の内/一丁目/９番,139.76724,35.68125
1,WORKSTYLING 新宿,能美防災株式会社,東京都千代田区九段南4-7-3,東京都/千代田区/九段南/四丁目/７番,139.73885,35.69127
452,WORKSTYLING 新宿,富士ゼロックス株式会社,東京都港区赤坂9-7-3,東京都/港区/赤坂/九丁目/７番,139.73221,35.66602
15,WORKSTYLING 新宿,味の素AGF株式会社,東京都渋谷区初台1-46-3,東京都/渋谷区/初台/一丁目/４６番,139.68829,35.68137
299,WORKSTYLING 新宿,味の素株式会社,東京都中央区京橋1-15-1,東京都/中央区/京橋/一丁目/１５番,139.77327,35.67701
5,WORKSTYLING 新宿,味の素冷凍食品株式会社,東京都中央区銀座7-14-13,東京都/中央区/銀座/七丁目/１４番,139.7648,35.66739
1,WORKSTYLING 仙台,LINDT ＆ SPRUNGLI JAPAN株式会社,東京都港区南青山3-13-18,東京都/港区/南青山/三丁目/１３番,139.71375,35.66557
1,WORKSTYLING 仙台,オムロン株式会社,東京都目黒区三田1-6-21,東京都/目黒区/三田/一丁目/６番,139.71379,35.639
2,WORKSTYLING 仙台,クリーンエア・スカンジナビア株式会社,東京都港区東新橋1-5?2,東京都/港区/東新橋/一丁目/５番,139.7614,35.66563
4,WORKSTYLING 仙台,コクヨ株式会社,東京都港区港南1-8?35,東京都/港区/港南/一丁目/８番,139.74399,35.63012
2,WORKSTYLING 仙台,シスコシステムズ合同会社,東京都港区赤坂9-7-1,東京都/港区/赤坂/九丁目/７番,139.73221,35.66602
23,WORKSTYLING 仙台,ヤフー株式会社,東京都千代田区紀尾井町1-3,東京都/千代田区/紀尾井町/１番,139.73718,35.67992
2,WORKSTYLING 仙台,ヤマハ株式会社,東京都港区高輪2?17?11,東京都/港区/高輪/二丁目,139.73688,35.63742
1,WORKSTYLING 仙台,ユニリーバ・ジャパン・カスタマーマーケティング株式会社,東京都目黒区上目黒2-1-1,東京都/目黒区/上目黒/二丁目/１番,139.69885,35.64357
19,WORKSTYLING 仙台,株式会社NTTドコモ,東京都千代田区永田町2-11-1,東京都/千代田区/永田町/二丁目/１１番,139.74059,35.67326
5,WORKSTYLING 仙台,株式会社日建設計,東京都千代田区飯田橋2-18-3,東京都/千代田区/飯田橋/二丁目/１８番,139.75116,35.69929
1,WORKSTYLING 仙台,株式会社博報堂,東京都港区赤坂5-3-1,東京都/港区/赤坂/五丁目/３番,139.73517,35.67256
1,WORKSTYLING 仙台,三井デザインテック株式会社,東京都港区芝3-2?18,東京都/港区/芝/三丁目/２番,139.74657,35.65336
2,WORKSTYLING 仙台,三井不動産ビルマネジメント株式会社,東京都中央区銀座6-17-1,東京都/中央区/銀座/六丁目/１７番,139.76654,35.66751
24,WORKSTYLING 仙台,三井不動産株式会社,東京都中央区日本橋室町2-1-1,東京都/中央区/日本橋室町/二丁目/１番,139.77303,35.6867
1,WORKSTYLING 仙台,三井不動産商業マネジメント株式会社,東京都中央区日本橋浜町2-31-1,東京都/中央区/日本橋浜町/二丁目/３１番,139.78699,35.68779
2,WORKSTYLING 仙台,鹿島建設株式会社,東京都港区元赤坂1-3-1,東京都/港区/元赤坂/一丁目/３番,139.73395,35.67704
4,WORKSTYLING 仙台,凸版印刷株式会社,東京都台東区台東1-5-1,東京都/台東区/台東/一丁目/５番,139.77817,35.70091
3,WORKSTYLING 仙台,富士ゼロックス株式会社,東京都港区赤坂9-7-3,東京都/港区/赤坂/九丁目/７番,139.73221,35.66602
3,WORKSTYLING 仙台,味の素AGF株式会社,東京都渋谷区初台1-46-3,東京都/渋谷区/初台/一丁目/４６番,139.68829,35.68137
10,WORKSTYLING 仙台,味の素株式会社,東京都中央区京橋1-15-1,東京都/中央区/京橋/一丁目/１５番,139.77327,35.67701
2,WORKSTYLING 船橋,AGCグラスプロダクツ株式会社,東京都台東区東上野4-24-11,東京都/台東区/東上野/四丁目/２４番,139.78198,35.71535
34,WORKSTYLING 船橋,JFEエンジニアリング株式会社,東京都千代田区丸の内1-8?1,東京都/千代田区/丸の内/一丁目/８番,139.76956,35.68267
1,WORKSTYLING 船橋,NECネッツエスアイ株式会社,東京都文京区後楽2-6-1,東京都/文京区/後楽/二丁目/６番,139.74509,35.7054
1,WORKSTYLING 船橋,クリーンエア・スカンジナビア株式会社,東京都港区東新橋1-5?2,東京都/港区/東新橋/一丁目/５番,139.7614,35.66563
79,WORKSTYLING 船橋,コクヨ株式会社,東京都港区港南1-8?35,東京都/港区/港南/一丁目/８番,139.74399,35.63012
5,WORKSTYLING 船橋,シスコシステムズ合同会社,東京都港区赤坂9-7-1,東京都/港区/赤坂/九丁目/７番,139.73221,35.66602
1,WORKSTYLING 船橋,プライマル株式会社,東京都港区芝1-6-10,東京都/港区/芝/一丁目/６番,139.75487,35.652
1,WORKSTYLING 船橋,マーサージャパン株式会社,東京都新宿区西新宿3-20?2,東京都/新宿区/西新宿/三丁目/２０番,139.68678,35.68319
41,WORKSTYLING 船橋,ヤフー株式会社,東京都千代田区紀尾井町1-3,東京都/千代田区/紀尾井町/１番,139.73718,35.67992
7,WORKSTYLING 船橋,ららぽーとエージェンシー株式会社,東京都中央区日本橋浜町2-31-1,東京都/中央区/日本橋浜町/二丁目/３１番,139.78699,35.68779
36,WORKSTYLING 船橋,株式会社NTTドコモ,東京都千代田区永田町2-11-1,東京都/千代田区/永田町/二丁目/１１番,139.74059,35.67326
26,WORKSTYLING 船橋,株式会社エヌ・ティ・ティ・データ,東京都江東区豊洲3-3-3,東京都/江東区/豊洲/三丁目/３番,139.79672,35.65571
2,WORKSTYLING 船橋,株式会社エヌ・ティ・ティネオメイト,東京都文京区小石川1-4-1,東京都/文京区/小石川/一丁目/４番,139.75233,35.71002
1,WORKSTYLING 船橋,株式会社シグマクシス,東京都港区虎ノ門4-1-28,東京都/港区/虎ノ門/四丁目/１番,139.74454,35.66541
2,WORKSTYLING 船橋,株式会社ラック,東京都千代田区平河町2-16-1,東京都/千代田区/平河町/二丁目/１６番,139.74239,35.67955
2,WORKSTYLING 船橋,株式会社関電工,東京都港区芝4-8-33,東京都/港区/芝/四丁目/８番,139.75311,35.64881
1,WORKSTYLING 船橋,株式会社電通,東京都港区東新橋1-8-1,東京都/港区/東新橋/一丁目/８番,139.76227,35.66455
1,WORKSTYLING 船橋,株式会社電通国際情報サービス,東京都港区港南2-17-1,東京都/港区/港南/二丁目/１７番,139.73891,35.62531
51,WORKSTYLING 船橋,株式会社日建設計,東京都千代田区飯田橋2-18-3,東京都/千代田区/飯田橋/二丁目/１８番,139.75116,35.69929
1,WORKSTYLING 船橋,株式会社富士ゼロックス総合教育研究所,東京都港区六本木3-1-1,東京都/港区/六本木/三丁目/１番,139.73784,35.66545
2,WORKSTYLING 船橋,株式会社野村総合研究所,東京都千代田区大手町1-9-2,東京都/千代田区/大手町/一丁目/９番,139.76541,35.68829
1,WORKSTYLING 船橋,三井デザインテック株式会社,東京都港区芝3-2?18,東京都/港区/芝/三丁目/２番,139.74657,35.65336
3,WORKSTYLING 船橋,三井情報株式会社,東京都港区愛宕2-5-1,東京都/港区/愛宕/二丁目/５番,139.74896,35.66205
21,WORKSTYLING 船橋,三井不動産レジデンシャル株式会社,東京都中央区銀座6-17-1,東京都/中央区/銀座/六丁目/１７番,139.76654,35.66751
52,WORKSTYLING 船橋,三井不動産株式会社,東京都中央区日本橋室町2-1-1,東京都/中央区/日本橋室町/二丁目/１番,139.77303,35.6867
24,WORKSTYLING 船橋,三井不動産商業マネジメント株式会社,東京都中央区日本橋浜町2-31-1,東京都/中央区/日本橋浜町/二丁目/３１番,139.78699,35.68779
13,WORKSTYLING 船橋,三井不動産投資顧問株式会社,東京都中央区日本橋1-4?1,東京都/中央区/日本橋/一丁目/４番,139.77454,35.68253
23,WORKSTYLING 船橋,三井物産株式会社,東京都千代田区丸の内1-1-3,東京都/千代田区/丸の内/一丁目/１番,139.76176,35.68456
3,WORKSTYLING 船橋,三機工業株式会社,東京都中央区明石町8?1,東京都/中央区/明石町/８番,139.77853,35.66677
16,WORKSTYLING 船橋,資生堂ジャパン株式会社,東京都港区東新橋1-6?2,東京都/港区/東新橋/一丁目/６番,139.76015,35.66426
9,WORKSTYLING 船橋,凸版印刷株式会社,東京都台東区台東1-5-1,東京都/台東区/台東/一丁目/５番,139.77817,35.70091
57,WORKSTYLING 船橋,富士ゼロックス株式会社,東京都港区赤坂9-7-3,東京都/港区/赤坂/九丁目/７番,139.73221,35.66602
3,WORKSTYLING 船橋,味の素AGF株式会社,東京都渋谷区初台1-46-3,東京都/渋谷区/初台/一丁目/４６番,139.68829,35.68137
112,WORKSTYLING 船橋,味の素株式会社,東京都中央区京橋1-15-1,東京都/中央区/京橋/一丁目/１５番,139.77327,35.67701
2,WORKSTYLING 大崎,AGCグラスプロダクツ株式会社,東京都台東区東上野4-24-11,東京都/台東区/東上野/四丁目/２４番,139.78198,35.71535
3,WORKSTYLING 大崎,DSM株式会社,東京都港区芝公園2-6-3,東京都/港区/芝公園/二丁目/６番,139.75049,35.65554
6,WORKSTYLING 大崎,JFEエンジニアリング株式会社,東京都千代田区丸の内1-8?1,東京都/千代田区/丸の内/一丁目/８番,139.76956,35.68267
71,WORKSTYLING 大崎,NECネッツエスアイ株式会社,東京都文京区後楽2-6-1,東京都/文京区/後楽/二丁目/６番,139.74509,35.7054
5,WORKSTYLING 大崎,PwC税理士法人,東京都千代田区霞が関3-2?5,東京都/千代田区/霞が関/三丁目/２番,139.74791,35.67119
1,WORKSTYLING 大崎,Sansan株式会社,東京都渋谷区神宮前5?52?2,東京都/渋谷区/神宮前/五丁目,139.70602,35.66452
28,WORKSTYLING 大崎,アビームコンサルティング株式会社,東京都千代田区丸の内1-4-1,東京都/千代田区/丸の内/一丁目/４番,139.76479,35.68402
2,WORKSTYLING 大崎,ウッドワード・ジャパン株式会社,千葉県千葉市美浜区中瀬2-6?1,千葉県/千葉市/美浜区/中瀬/二丁目/６番地,140.03857,35.64831
1,WORKSTYLING 大崎,クリーンエア・スカンジナビア株式会社,東京都港区東新橋1-5?2,東京都/港区/東新橋/一丁目/５番,139.7614,35.66563
59,WORKSTYLING 大崎,コクヨ株式会社,東京都港区港南1-8?35,東京都/港区/港南/一丁目/８番,139.74399,35.63012
14,WORKSTYLING 大崎,シスコシステムズ合同会社,東京都港区赤坂9-7-1,東京都/港区/赤坂/九丁目/７番,139.73221,35.66602
9,WORKSTYLING 大崎,マーサージャパン株式会社,東京都新宿区西新宿3-20?2,東京都/新宿区/西新宿/三丁目/２０番,139.68678,35.68319
15,WORKSTYLING 大崎,ヤフー株式会社,東京都千代田区紀尾井町1-3,東京都/千代田区/紀尾井町/１番,139.73718,35.67992
6,WORKSTYLING 大崎,ヤマハ株式会社,東京都港区高輪2?17?11,東京都/港区/高輪/二丁目,139.73688,35.63742
6,WORKSTYLING 大崎,ユニリーバ・ジャパン・カスタマーマーケティング株式会社,東京都目黒区上目黒2-1-1,東京都/目黒区/上目黒/二丁目/１番,139.69885,35.64357
4,WORKSTYLING 大崎,ユニリーバ・ジャパン・サービス株式会社,東京都目黒区上目黒2-1-1,東京都/目黒区/上目黒/二丁目/１番,139.69885,35.64357
1,WORKSTYLING 大崎,ユニリーバ・ジャパン・ホールディングス株式会社,東京都目黒区上目黒2-1-1,東京都/目黒区/上目黒/二丁目/１番,139.69885,35.64357
1,WORKSTYLING 大崎,ららぽーとエージェンシー株式会社,東京都中央区日本橋浜町2-31-1,東京都/中央区/日本橋浜町/二丁目/３１番,139.78699,35.68779
336,WORKSTYLING 大崎,ローソンバンク設立準備株式会社,東京都品川区大崎1-11-2,東京都/品川区/大崎/一丁目/１１番,139.72955,35.61695
3,WORKSTYLING 大崎,株式会社NBFオフィスマネジメント,東京都中央区銀座6-17-1,東京都/中央区/銀座/六丁目/１７番,139.76654,35.66751
48,WORKSTYLING 大崎,株式会社NTTドコモ,東京都千代田区永田町2-11-1,東京都/千代田区/永田町/二丁目/１１番,139.74059,35.67326
10,WORKSTYLING 大崎,株式会社SCI,東京都杉並区高円寺南2-37-19,東京都/杉並区/高円寺南/二丁目/３７番,139.65434,35.70098
2,WORKSTYLING 大崎,株式会社インターネットイニシアティブ,東京都千代田区富士見2-10-2,東京都/千代田区/富士見/二丁目/１０番,139.74358,35.69881
16,WORKSTYLING 大崎,株式会社エヌ・ティ・ティ・データ,東京都江東区豊洲3-3-3,東京都/江東区/豊洲/三丁目/３番,139.79672,35.65571
10,WORKSTYLING 大崎,株式会社エヌ・ティ・ティネオメイト,東京都文京区小石川1-4-1,東京都/文京区/小石川/一丁目/４番,139.75233,35.71002
1,WORKSTYLING 大崎,株式会社サカワ,東京都港区港南2-16-4,東京都/港区/港南/二丁目/１６番,139.74068,35.62649
1,WORKSTYLING 大崎,株式会社シグナルトーク,東京都大田区蒲田5-8-7,東京都/大田区/蒲田/五丁目/８番,139.71884,35.56308
37,WORKSTYLING 大崎,株式会社シグマクシス,東京都港区虎ノ門4-1-28,東京都/港区/虎ノ門/四丁目/１番,139.74454,35.66541
2,WORKSTYLING 大崎,株式会社ラック,東京都千代田区平河町2-16-1,東京都/千代田区/平河町/二丁目/１６番,139.74239,35.67955
7,WORKSTYLING 大崎,株式会社三菱総合研究所,東京都千代田区永田町2-10-3,東京都/千代田区/永田町/二丁目/１０番,139.73984,35.67485
14,WORKSTYLING 大崎,株式会社電通,東京都港区東新橋1-8-1,東京都/港区/東新橋/一丁目/８番,139.76227,35.66455
1,WORKSTYLING 大崎,株式会社電通アドギア,東京都中央区銀座8-21-1,東京都/中央区/銀座/八丁目/２１番,139.7639,35.66413
1,WORKSTYLING 大崎,株式会社電通国際情報サービス,東京都港区港南2-17-1,東京都/港区/港南/二丁目/１７番,139.73891,35.62531
13,WORKSTYLING 大崎,株式会社日建設計,東京都千代田区飯田橋2-18-3,東京都/千代田区/飯田橋/二丁目/１８番,139.75116,35.69929
4,WORKSTYLING 大崎,株式会社日立ビルシステム,東京都千代田区神田淡路町2-101,東京都/千代田区/神田淡路町/二丁目/１０１番地,139.76688,35.69763
10,WORKSTYLING 大崎,株式会社富士ゼロックス総合教育研究所,東京都港区六本木3-1-1,東京都/港区/六本木/三丁目/１番,139.73784,35.66545
11,WORKSTYLING 大崎,株式会社野村総合研究所,東京都千代田区大手町1-9-2,東京都/千代田区/大手町/一丁目/９番,139.76541,35.68829
1,WORKSTYLING 大崎,株式会社髙島屋,東京都中央区日本橋2-4-1,東京都/中央区/日本橋/二丁目/４番,139.77345,35.68077
14,WORKSTYLING 大崎,三井デザインテック株式会社,東京都港区芝3-2?18,東京都/港区/芝/三丁目/２番,139.74657,35.65336
1,WORKSTYLING 大崎,三井住友海上火災保険株式会社,東京都千代田区神田駿河台3-9,東京都/千代田区/神田駿河台/三丁目/９番,139.76424,35.6966
7,WORKSTYLING 大崎,三井情報株式会社,東京都港区愛宕2-5-1,東京都/港区/愛宕/二丁目/５番,139.74896,35.66205
9,WORKSTYLING 大崎,三井不動産ビルマネジメント株式会社,東京都中央区銀座6-17-1,東京都/中央区/銀座/六丁目/１７番,139.76654,35.66751
3,WORKSTYLING 大崎,三井不動産レジデンシャルリース株式会社,東京都新宿区西新宿2-1-1,東京都/新宿区/西新宿/二丁目/１番,139.69392,35.69166
15,WORKSTYLING 大崎,三井不動産レジデンシャル株式会社,東京都中央区銀座6-17-1,東京都/中央区/銀座/六丁目/１７番,139.76654,35.66751
250,WORKSTYLING 大崎,三井不動産株式会社,東京都中央区日本橋室町2-1-1,東京都/中央区/日本橋室町/二丁目/１番,139.77303,35.6867
3,WORKSTYLING 大崎,三井不動産商業マネジメント株式会社,東京都中央区日本橋浜町2-31-1,東京都/中央区/日本橋浜町/二丁目/３１番,139.78699,35.68779
6,WORKSTYLING 大崎,三井不動産投資顧問株式会社,東京都中央区日本橋1-4?1,東京都/中央区/日本橋/一丁目/４番,139.77454,35.68253
17,WORKSTYLING 大崎,三井物産株式会社,東京都千代田区丸の内1-1-3,東京都/千代田区/丸の内/一丁目/１番,139.76176,35.68456
8,WORKSTYLING 大崎,資生堂ジャパン株式会社,東京都港区東新橋1-6?2,東京都/港区/東新橋/一丁目/６番,139.76015,35.66426
2,WORKSTYLING 大崎,鹿島建設株式会社,東京都港区元赤坂1-3-1,東京都/港区/元赤坂/一丁目/３番,139.73395,35.67704
31,WORKSTYLING 大崎,東京電力エナジーパートナー株式会社,東京都港区海岸1-11-1,東京都/港区/海岸/一丁目/１１番,139.76341,35.65524
44,WORKSTYLING 大崎,東芝テック株式会社,東京都品川区大崎1-11-1,東京都/品川区/大崎/一丁目/１１番,139.72955,35.61695
45,WORKSTYLING 大崎,凸版印刷株式会社,東京都台東区台東1-5-1,東京都/台東区/台東/一丁目/５番,139.77817,35.70091
11,WORKSTYLING 大崎,日商エレクトロニクス株式会社,東京都千代田区2-3?5,東京都/千代田区/二番町/３番地,139.73779,35.68593
2,WORKSTYLING 大崎,日本ビジネスシステムズ株式会社,東京都港区虎ノ門1-23-1,東京都/港区/虎ノ門/一丁目/２３番,139.74921,35.66683
1,WORKSTYLING 大崎,日本ビルファンドマネジメント株式会社,東京都千代田区丸の内1-9-1,東京都/千代田区/丸の内/一丁目/９番,139.76724,35.68125
233,WORKSTYLING 大崎,富士ゼロックス株式会社,東京都港区赤坂9-7-3,東京都/港区/赤坂/九丁目/７番,139.73221,35.66602
156,WORKSTYLING 大崎,味の素株式会社,東京都中央区京橋1-15-1,東京都/中央区/京橋/一丁目/１５番,139.77327,35.67701
4,WORKSTYLING 大崎,味の素冷凍食品株式会社,東京都中央区銀座7-14-13,東京都/中央区/銀座/七丁目/１４番,139.7648,35.66739
2,WORKSTYLING 池袋,AGCグラスプロダクツ株式会社,東京都台東区東上野4-24-11,東京都/台東区/東上野/四丁目/２４番,139.78198,35.71535
9,WORKSTYLING 池袋,JFEエンジニアリング株式会社,東京都千代田区丸の内1-8?1,東京都/千代田区/丸の内/一丁目/８番,139.76956,35.68267
1,WORKSTYLING 池袋,MXモバイリング株式会社,東京都江東区豊洲3-2-24,東京都/江東区/豊洲/三丁目/２番,139.79486,35.65761
8,WORKSTYLING 池袋,NECネッツエスアイ株式会社,東京都文京区後楽2-6-1,東京都/文京区/後楽/二丁目/６番,139.74509,35.7054
33,WORKSTYLING 池袋,PwC税理士法人,東京都千代田区霞が関3-2?5,東京都/千代田区/霞が関/三丁目/２番,139.74791,35.67119
7,WORKSTYLING 池袋,Sansan株式会社,東京都渋谷区神宮前5?52?2,東京都/渋谷区/神宮前/五丁目,139.70602,35.66452
13,WORKSTYLING 池袋,アビームコンサルティング株式会社,東京都千代田区丸の内1-4-1,東京都/千代田区/丸の内/一丁目/４番,139.76479,35.68402
1,WORKSTYLING 池袋,オムロン株式会社,東京都目黒区三田1-6-21,東京都/目黒区/三田/一丁目/６番,139.71379,35.639
9,WORKSTYLING 池袋,クリーンエア・スカンジナビア株式会社,東京都港区東新橋1-5?2,東京都/港区/東新橋/一丁目/５番,139.7614,35.66563
75,WORKSTYLING 池袋,コクヨ株式会社,東京都港区港南1-8?35,東京都/港区/港南/一丁目/８番,139.74399,35.63012
13,WORKSTYLING 池袋,シスコシステムズ合同会社,東京都港区赤坂9-7-1,東京都/港区/赤坂/九丁目/７番,139.73221,35.66602
1,WORKSTYLING 池袋,プライマル株式会社,東京都港区芝1-6-10,東京都/港区/芝/一丁目/６番,139.75487,35.652
19,WORKSTYLING 池袋,マーサージャパン株式会社,東京都新宿区西新宿3-20?2,東京都/新宿区/西新宿/三丁目/２０番,139.68678,35.68319
89,WORKSTYLING 池袋,ヤフー株式会社,東京都千代田区紀尾井町1-3,東京都/千代田区/紀尾井町/１番,139.73718,35.67992
5,WORKSTYLING 池袋,ヤマハ株式会社,東京都港区高輪2?17?11,東京都/港区/高輪/二丁目,139.73688,35.63742
7,WORKSTYLING 池袋,ユーシーシーフーヅ株式会社,東京都港区新橋6-1-11,東京都/港区/新橋/六丁目/１番,139.75259,35.66262
9,WORKSTYLING 池袋,ユニリーバ・ジャパン・カスタマーマーケティング株式会社,東京都目黒区上目黒2-1-1,東京都/目黒区/上目黒/二丁目/１番,139.69885,35.64357
3,WORKSTYLING 池袋,ユニリーバ・ジャパン・サービス株式会社,東京都目黒区上目黒2-1-1,東京都/目黒区/上目黒/二丁目/１番,139.69885,35.64357
13,WORKSTYLING 池袋,ユニリーバ・ジャパン株式会社,東京都目黒区上目黒2-1-1,東京都/目黒区/上目黒/二丁目/１番,139.69885,35.64357
11,WORKSTYLING 池袋,ららぽーとエージェンシー株式会社,東京都中央区日本橋浜町2-31-1,東京都/中央区/日本橋浜町/二丁目/３１番,139.78699,35.68779
2,WORKSTYLING 池袋,リソルライフサポート株式会社,東京都新宿区西新宿6-24-1,東京都/新宿区/西新宿/六丁目/２４番,139.68907,35.69525
15,WORKSTYLING 池袋,株式会社NBFオフィスマネジメント,東京都中央区銀座6-17-1,東京都/中央区/銀座/六丁目/１７番,139.76654,35.66751
56,WORKSTYLING 池袋,株式会社NTTドコモ,東京都千代田区永田町2-11-1,東京都/千代田区/永田町/二丁目/１１番,139.74059,35.67326
1,WORKSTYLING 池袋,株式会社エナリス,東京都千代田区神田駿河台2-5-1,東京都/千代田区/神田駿河台/二丁目/５番,139.76096,35.7
28,WORKSTYLING 池袋,株式会社エヌ・ティ・ティ・データ,東京都江東区豊洲3-3-3,東京都/江東区/豊洲/三丁目/３番,139.79672,35.65571
1,WORKSTYLING 池袋,株式会社エヌ・ティ・ティネオメイト,東京都文京区小石川1-4-1,東京都/文京区/小石川/一丁目/４番,139.75233,35.71002
1,WORKSTYLING 池袋,株式会社シグナルトーク,東京都大田区蒲田5-8-7,東京都/大田区/蒲田/五丁目/８番,139.71884,35.56308
8,WORKSTYLING 池袋,株式会社シグマクシス,東京都港区虎ノ門4-1-28,東京都/港区/虎ノ門/四丁目/１番,139.74454,35.66541
16,WORKSTYLING 池袋,株式会社ラック,東京都千代田区平河町2-16-1,東京都/千代田区/平河町/二丁目/１６番,139.74239,35.67955
17,WORKSTYLING 池袋,株式会社三菱総合研究所,東京都千代田区永田町2-10-3,東京都/千代田区/永田町/二丁目/１０番,139.73984,35.67485
1,WORKSTYLING 池袋,株式会社電通,東京都港区東新橋1-8-1,東京都/港区/東新橋/一丁目/８番,139.76227,35.66455
1,WORKSTYLING 池袋,株式会社電通アドギア,東京都中央区銀座8-21-1,東京都/中央区/銀座/八丁目/２１番,139.7639,35.66413
71,WORKSTYLING 池袋,株式会社日建設計,東京都千代田区飯田橋2-18-3,東京都/千代田区/飯田橋/二丁目/１８番,139.75116,35.69929
19,WORKSTYLING 池袋,株式会社野村総合研究所,東京都千代田区大手町1-9-2,東京都/千代田区/大手町/一丁目/９番,139.76541,35.68829
2,WORKSTYLING 池袋,株式会社髙島屋,東京都中央区日本橋2-4-1,東京都/中央区/日本橋/二丁目/４番,139.77345,35.68077
21,WORKSTYLING 池袋,三井デザインテック株式会社,東京都港区芝3-2?18,東京都/港区/芝/三丁目/２番,139.74657,35.65336
12,WORKSTYLING 池袋,三井情報株式会社,東京都港区愛宕2-5-1,東京都/港区/愛宕/二丁目/５番,139.74896,35.66205
20,WORKSTYLING 池袋,三井不動産ビルマネジメント株式会社,東京都中央区銀座6-17-1,東京都/中央区/銀座/六丁目/１７番,139.76654,35.66751
18,WORKSTYLING 池袋,三井不動産レジデンシャルリース株式会社,東京都新宿区西新宿2-1-1,東京都/新宿区/西新宿/二丁目/１番,139.69392,35.69166
27,WORKSTYLING 池袋,三井不動産レジデンシャル株式会社,東京都中央区銀座6-17-1,東京都/中央区/銀座/六丁目/１７番,139.76654,35.66751
178,WORKSTYLING 池袋,三井不動産株式会社,東京都中央区日本橋室町2-1-1,東京都/中央区/日本橋室町/二丁目/１番,139.77303,35.6867
5,WORKSTYLING 池袋,三井不動産商業マネジメント株式会社,東京都中央区日本橋浜町2-31-1,東京都/中央区/日本橋浜町/二丁目/３１番,139.78699,35.68779
43,WORKSTYLING 池袋,三井物産株式会社,東京都千代田区丸の内1-1-3,東京都/千代田区/丸の内/一丁目/１番,139.76176,35.68456
17,WORKSTYLING 池袋,資生堂ジャパン株式会社,東京都港区東新橋1-6?2,東京都/港区/東新橋/一丁目/６番,139.76015,35.66426
10,WORKSTYLING 池袋,鹿島建設株式会社,東京都港区元赤坂1-3-1,東京都/港区/元赤坂/一丁目/３番,139.73395,35.67704
4,WORKSTYLING 池袋,東京電力エナジーパートナー株式会社,東京都港区海岸1-11-1,東京都/港区/海岸/一丁目/１１番,139.76341,35.65524
148,WORKSTYLING 池袋,凸版印刷株式会社,東京都台東区台東1-5-1,東京都/台東区/台東/一丁目/５番,139.77817,35.70091
5,WORKSTYLING 池袋,日産自動車株式会社,神奈川県横浜市西区高島1-1-1,神奈川県/横浜市/西区/高島/一丁目/１番,139.62573,35.4633
32,WORKSTYLING 池袋,日商エレクトロニクス株式会社,東京都千代田区2-3?5,東京都/千代田区/二番町/３番地,139.73779,35.68593
2,WORKSTYLING 池袋,日本ビジネスシステムズ株式会社,東京都港区虎ノ門1-23-1,東京都/港区/虎ノ門/一丁目/２３番,139.74921,35.66683
1,WORKSTYLING 池袋,日本ユニシス株式会社,東京都江東区豊洲1?1?1,東京都/江東区/豊洲/一丁目,139.79204,35.66181
1,WORKSTYLING 池袋,能美防災株式会社,東京都千代田区九段南4-7-3,東京都/千代田区/九段南/四丁目/７番,139.73885,35.69127
189,WORKSTYLING 池袋,富士ゼロックス株式会社,東京都港区赤坂9-7-3,東京都/港区/赤坂/九丁目/７番,139.73221,35.66602
323,WORKSTYLING 池袋,味の素株式会社,東京都中央区京橋1-15-1,東京都/中央区/京橋/一丁目/１５番,139.77327,35.67701
4,WORKSTYLING 池袋,味の素冷凍食品株式会社,東京都中央区銀座7-14-13,東京都/中央区/銀座/七丁目/１４番,139.7648,35.66739
3,WORKSTYLING 町田,JFEエンジニアリング株式会社,東京都千代田区丸の内1-8?1,東京都/千代田区/丸の内/一丁目/８番,139.76956,35.68267
3,WORKSTYLING 町田,NECネッツエスアイ株式会社,東京都文京区後楽2-6-1,東京都/文京区/後楽/二丁目/６番,139.74509,35.7054
9,WORKSTYLING 町田,コクヨ株式会社,東京都港区港南1-8?35,東京都/港区/港南/一丁目/８番,139.74399,35.63012
3,WORKSTYLING 町田,シスコシステムズ合同会社,東京都港区赤坂9-7-1,東京都/港区/赤坂/九丁目/７番,139.73221,35.66602
6,WORKSTYLING 町田,ヤフー株式会社,東京都千代田区紀尾井町1-3,東京都/千代田区/紀尾井町/１番,139.73718,35.67992
1,WORKSTYLING 町田,ヤマハ株式会社,東京都港区高輪2?17?11,東京都/港区/高輪/二丁目,139.73688,35.63742
1,WORKSTYLING 町田,ららぽーとエージェンシー株式会社,東京都中央区日本橋浜町2-31-1,東京都/中央区/日本橋浜町/二丁目/３１番,139.78699,35.68779
1,WORKSTYLING 町田,株式会社NTTドコモ,東京都千代田区永田町2-11-1,東京都/千代田区/永田町/二丁目/１１番,139.74059,35.67326
2,WORKSTYLING 町田,株式会社エヌ・ティ・ティ・データ,東京都江東区豊洲3-3-3,東京都/江東区/豊洲/三丁目/３番,139.79672,35.65571
8,WORKSTYLING 町田,株式会社日建設計,東京都千代田区飯田橋2-18-3,東京都/千代田区/飯田橋/二丁目/１８番,139.75116,35.69929
1,WORKSTYLING 町田,株式会社野村総合研究所,東京都千代田区大手町1-9-2,東京都/千代田区/大手町/一丁目/９番,139.76541,35.68829
2,WORKSTYLING 町田,三井情報株式会社,東京都港区愛宕2-5-1,東京都/港区/愛宕/二丁目/５番,139.74896,35.66205
1,WORKSTYLING 町田,三井不動産ビルマネジメント株式会社,東京都中央区銀座6-17-1,東京都/中央区/銀座/六丁目/１７番,139.76654,35.66751
11,WORKSTYLING 町田,三井不動産レジデンシャル株式会社,東京都中央区銀座6-17-1,東京都/中央区/銀座/六丁目/１７番,139.76654,35.66751
24,WORKSTYLING 町田,三井不動産株式会社,東京都中央区日本橋室町2-1-1,東京都/中央区/日本橋室町/二丁目/１番,139.77303,35.6867
1,WORKSTYLING 町田,三井不動産商業マネジメント株式会社,東京都中央区日本橋浜町2-31-1,東京都/中央区/日本橋浜町/二丁目/３１番,139.78699,35.68779
6,WORKSTYLING 町田,三井物産株式会社,東京都千代田区丸の内1-1-3,東京都/千代田区/丸の内/一丁目/１番,139.76176,35.68456
4,WORKSTYLING 町田,凸版印刷株式会社,東京都台東区台東1-5-1,東京都/台東区/台東/一丁目/５番,139.77817,35.70091
3,WORKSTYLING 町田,日商エレクトロニクス株式会社,東京都千代田区2-3?5,東京都/千代田区/二番町/３番地,139.73779,35.68593
50,WORKSTYLING 町田,富士ゼロックス株式会社,東京都港区赤坂9-7-3,東京都/港区/赤坂/九丁目/７番,139.73221,35.66602
4,WORKSTYLING 町田,味の素AGF株式会社,東京都渋谷区初台1-46-3,東京都/渋谷区/初台/一丁目/４６番,139.68829,35.68137
7,WORKSTYLING 町田,味の素株式会社,東京都中央区京橋1-15-1,東京都/中央区/京橋/一丁目/１５番,139.77327,35.67701
12,WORKSTYLING 梅田,DSM株式会社,東京都港区芝公園2-6-3,東京都/港区/芝公園/二丁目/６番,139.75049,35.65554
1,WORKSTYLING 梅田,JFEエンジニアリング株式会社,東京都千代田区丸の内1-8?1,東京都/千代田区/丸の内/一丁目/８番,139.76956,35.68267
6,WORKSTYLING 梅田,LINDT ＆ SPRUNGLI JAPAN株式会社,東京都港区南青山3-13-18,東京都/港区/南青山/三丁目/１３番,139.71375,35.66557
2,WORKSTYLING 梅田,NECネッツエスアイ株式会社,東京都文京区後楽2-6-1,東京都/文京区/後楽/二丁目/６番,139.74509,35.7054
1,WORKSTYLING 梅田,PwC税理士法人,東京都千代田区霞が関3-2?5,東京都/千代田区/霞が関/三丁目/２番,139.74791,35.67119
9,WORKSTYLING 梅田,ウッドワード・ジャパン株式会社,千葉県千葉市美浜区中瀬2-6?1,千葉県/千葉市/美浜区/中瀬/二丁目/６番地,140.03857,35.64831
4,WORKSTYLING 梅田,オムロン株式会社,東京都目黒区三田1-6-21,東京都/目黒区/三田/一丁目/６番,139.71379,35.639
6,WORKSTYLING 梅田,コクヨ株式会社,東京都港区港南1-8?35,東京都/港区/港南/一丁目/８番,139.74399,35.63012
6,WORKSTYLING 梅田,マーサージャパン株式会社,東京都新宿区西新宿3-20?2,東京都/新宿区/西新宿/三丁目/２０番,139.68678,35.68319
78,WORKSTYLING 梅田,ヤフー株式会社,東京都千代田区紀尾井町1-3,東京都/千代田区/紀尾井町/１番,139.73718,35.67992
6,WORKSTYLING 梅田,ヤマハ株式会社,東京都港区高輪2?17?11,東京都/港区/高輪/二丁目,139.73688,35.63742
2,WORKSTYLING 梅田,リソルライフサポート株式会社,東京都新宿区西新宿6-24-1,東京都/新宿区/西新宿/六丁目/２４番,139.68907,35.69525
2,WORKSTYLING 梅田,株式会社NBFオフィスマネジメント,東京都中央区銀座6-17-1,東京都/中央区/銀座/六丁目/１７番,139.76654,35.66751
18,WORKSTYLING 梅田,株式会社NTTドコモ,東京都千代田区永田町2-11-1,東京都/千代田区/永田町/二丁目/１１番,139.74059,35.67326
2,WORKSTYLING 梅田,株式会社エナリス,東京都千代田区神田駿河台2-5-1,東京都/千代田区/神田駿河台/二丁目/５番,139.76096,35.7
1,WORKSTYLING 梅田,株式会社エヌ・ティ・ティ・データ,東京都江東区豊洲3-3-3,東京都/江東区/豊洲/三丁目/３番,139.79672,35.65571
6,WORKSTYLING 梅田,株式会社エヌ・ティ・ティネオメイト,東京都文京区小石川1-4-1,東京都/文京区/小石川/一丁目/４番,139.75233,35.71002
3,WORKSTYLING 梅田,株式会社クリューシステムズ,東京都千代田区霞が関3-2-6,東京都/千代田区/霞が関/三丁目/２番,139.74791,35.67119
60,WORKSTYLING 梅田,株式会社シグマクシス,東京都港区虎ノ門4-1-28,東京都/港区/虎ノ門/四丁目/１番,139.74454,35.66541
2,WORKSTYLING 梅田,株式会社三菱総合研究所,東京都千代田区永田町2-10-3,東京都/千代田区/永田町/二丁目/１０番,139.73984,35.67485
12,WORKSTYLING 梅田,株式会社電通,東京都港区東新橋1-8-1,東京都/港区/東新橋/一丁目/８番,139.76227,35.66455
35,WORKSTYLING 梅田,株式会社電通国際情報サービス,東京都港区港南2-17-1,東京都/港区/港南/二丁目/１７番,139.73891,35.62531
20,WORKSTYLING 梅田,株式会社日建設計,東京都千代田区飯田橋2-18-3,東京都/千代田区/飯田橋/二丁目/１８番,139.75116,35.69929
5,WORKSTYLING 梅田,株式会社富士ゼロックス総合教育研究所,東京都港区六本木3-1-1,東京都/港区/六本木/三丁目/１番,139.73784,35.66545
2,WORKSTYLING 梅田,株式会社野村総合研究所,東京都千代田区大手町1-9-2,東京都/千代田区/大手町/一丁目/９番,139.76541,35.68829
3,WORKSTYLING 梅田,三井デザインテック株式会社,東京都港区芝3-2?18,東京都/港区/芝/三丁目/２番,139.74657,35.65336
3,WORKSTYLING 梅田,三井情報株式会社,東京都港区愛宕2-5-1,東京都/港区/愛宕/二丁目/５番,139.74896,35.66205
2,WORKSTYLING 梅田,三井不動産ビルマネジメント株式会社,東京都中央区銀座6-17-1,東京都/中央区/銀座/六丁目/１７番,139.76654,35.66751
2,WORKSTYLING 梅田,三井不動産レジデンシャルリース株式会社,東京都新宿区西新宿2-1-1,東京都/新宿区/西新宿/二丁目/１番,139.69392,35.69166
67,WORKSTYLING 梅田,三井不動産株式会社,東京都中央区日本橋室町2-1-1,東京都/中央区/日本橋室町/二丁目/１番,139.77303,35.6867
5,WORKSTYLING 梅田,三井不動産商業マネジメント株式会社,東京都中央区日本橋浜町2-31-1,東京都/中央区/日本橋浜町/二丁目/３１番,139.78699,35.68779
7,WORKSTYLING 梅田,三井物産株式会社,東京都千代田区丸の内1-1-3,東京都/千代田区/丸の内/一丁目/１番,139.76176,35.68456
5,WORKSTYLING 梅田,資生堂ジャパン株式会社,東京都港区東新橋1-6?2,東京都/港区/東新橋/一丁目/６番,139.76015,35.66426
1,WORKSTYLING 梅田,鹿島建設株式会社,東京都港区元赤坂1-3-1,東京都/港区/元赤坂/一丁目/３番,139.73395,35.67704
1,WORKSTYLING 梅田,東京電力エナジーパートナー株式会社,東京都港区海岸1-11-1,東京都/港区/海岸/一丁目/１１番,139.76341,35.65524
2,WORKSTYLING 梅田,凸版印刷株式会社,東京都台東区台東1-5-1,東京都/台東区/台東/一丁目/５番,139.77817,35.70091
2,WORKSTYLING 梅田,日本ビジネスシステムズ株式会社,東京都港区虎ノ門1-23-1,東京都/港区/虎ノ門/一丁目/２３番,139.74921,35.66683
111,WORKSTYLING 梅田,富士ゼロックス株式会社,東京都港区赤坂9-7-3,東京都/港区/赤坂/九丁目/７番,139.73221,35.66602
5,WORKSTYLING 梅田,味の素AGF株式会社,東京都渋谷区初台1-46-3,東京都/渋谷区/初台/一丁目/４６番,139.68829,35.68137
20,WORKSTYLING 梅田,味の素株式会社,東京都中央区京橋1-15-1,東京都/中央区/京橋/一丁目/１５番,139.77327,35.67701
1,WORKSTYLING 博多,DSM株式会社,東京都港区芝公園2-6-3,東京都/港区/芝公園/二丁目/６番,139.75049,35.65554
1,WORKSTYLING 博多,PSソリューションズ株式会社,東京都港区東新橋1-5-2,東京都/港区/東新橋/一丁目/５番,139.7614,35.66563
2,WORKSTYLING 博多,コクヨ株式会社,東京都港区港南1-8?35,東京都/港区/港南/一丁目/８番,139.74399,35.63012
1,WORKSTYLING 博多,シスコシステムズ合同会社,東京都港区赤坂9-7-1,東京都/港区/赤坂/九丁目/７番,139.73221,35.66602
9,WORKSTYLING 博多,ヤフー株式会社,東京都千代田区紀尾井町1-3,東京都/千代田区/紀尾井町/１番,139.73718,35.67992
3,WORKSTYLING 博多,ヤマハ株式会社,東京都港区高輪2?17?11,東京都/港区/高輪/二丁目,139.73688,35.63742
1,WORKSTYLING 博多,ユニリーバ・ジャパン・カスタマーマーケティング株式会社,東京都目黒区上目黒2-1-1,東京都/目黒区/上目黒/二丁目/１番,139.69885,35.64357
14,WORKSTYLING 博多,株式会社NTTドコモ,東京都千代田区永田町2-11-1,東京都/千代田区/永田町/二丁目/１１番,139.74059,35.67326
2,WORKSTYLING 博多,株式会社エヌ・ティ・ティ・データ,東京都江東区豊洲3-3-3,東京都/江東区/豊洲/三丁目/３番,139.79672,35.65571
2,WORKSTYLING 博多,株式会社ラック,東京都千代田区平河町2-16-1,東京都/千代田区/平河町/二丁目/１６番,139.74239,35.67955
1,WORKSTYLING 博多,株式会社電通,東京都港区東新橋1-8-1,東京都/港区/東新橋/一丁目/８番,139.76227,35.66455
8,WORKSTYLING 博多,株式会社電通国際情報サービス,東京都港区港南2-17-1,東京都/港区/港南/二丁目/１７番,139.73891,35.62531
1,WORKSTYLING 博多,株式会社日建設計,東京都千代田区飯田橋2-18-3,東京都/千代田区/飯田橋/二丁目/１８番,139.75116,35.69929
1,WORKSTYLING 博多,株式会社髙島屋,東京都中央区日本橋2-4-1,東京都/中央区/日本橋/二丁目/４番,139.77345,35.68077
5,WORKSTYLING 博多,三井デザインテック株式会社,東京都港区芝3-2?18,東京都/港区/芝/三丁目/２番,139.74657,35.65336
3,WORKSTYLING 博多,三井情報株式会社,東京都港区愛宕2-5-1,東京都/港区/愛宕/二丁目/５番,139.74896,35.66205
3,WORKSTYLING 博多,三井不動産ビルマネジメント株式会社,東京都中央区銀座6-17-1,東京都/中央区/銀座/六丁目/１７番,139.76654,35.66751
48,WORKSTYLING 博多,三井不動産株式会社,東京都中央区日本橋室町2-1-1,東京都/中央区/日本橋室町/二丁目/１番,139.77303,35.6867
1,WORKSTYLING 博多,三井物産株式会社,東京都千代田区丸の内1-1-3,東京都/千代田区/丸の内/一丁目/１番,139.76176,35.68456
1,WORKSTYLING 博多,大成建設株式会社,東京都新宿区西新宿1-25-1,東京都/新宿区/西新宿/一丁目/２５番,139.69543,35.69171
2,WORKSTYLING 博多,凸版印刷株式会社,東京都台東区台東1-5-1,東京都/台東区/台東/一丁目/５番,139.77817,35.70091
15,WORKSTYLING 博多,日本ユニシス株式会社,東京都江東区豊洲1?1?1,東京都/江東区/豊洲/一丁目,139.79204,35.66181
5,WORKSTYLING 博多,富士ゼロックス株式会社,東京都港区赤坂9-7-3,東京都/港区/赤坂/九丁目/７番,139.73221,35.66602
3,WORKSTYLING 博多,味の素株式会社,東京都中央区京橋1-15-1,東京都/中央区/京橋/一丁目/１５番,139.77327,35.67701
1,WORKSTYLING 柏,株式会社シグマクシス,東京都港区虎ノ門4-1-28,東京都/港区/虎ノ門/四丁目/１番,139.74454,35.66541
1,WORKSTYLING 柏,株式会社髙島屋,東京都中央区日本橋2-4-1,東京都/中央区/日本橋/二丁目/４番,139.77345,35.68077
1,WORKSTYLING 柏,三井不動産ビルマネジメント株式会社,東京都中央区銀座6-17-1,東京都/中央区/銀座/六丁目/１７番,139.76654,35.66751
7,WORKSTYLING 柏,三井不動産株式会社,東京都中央区日本橋室町2-1-1,東京都/中央区/日本橋室町/二丁目/１番,139.77303,35.6867
1,WORKSTYLING 柏,富士ゼロックス株式会社,東京都港区赤坂9-7-3,東京都/港区/赤坂/九丁目/７番,139.73221,35.66602
7,WORKSTYLING 八重洲,AGCグラスプロダクツ株式会社,東京都台東区東上野4-24-11,東京都/台東区/東上野/四丁目/２４番,139.78198,35.71535
6,WORKSTYLING 八重洲,AGC硝子建材株式会社,東京都台東区東上野4-24-11,東京都/台東区/東上野/四丁目/２４番,139.78198,35.71535
5,WORKSTYLING 八重洲,DSM株式会社,東京都港区芝公園2-6-3,東京都/港区/芝公園/二丁目/６番,139.75049,35.65554
7,WORKSTYLING 八重洲,JFEエンジニアリング株式会社,東京都千代田区丸の内1-8?1,東京都/千代田区/丸の内/一丁目/８番,139.76956,35.68267
102,WORKSTYLING 八重洲,NECネッツエスアイ株式会社,東京都文京区後楽2-6-1,東京都/文京区/後楽/二丁目/６番,139.74509,35.7054
2,WORKSTYLING 八重洲,PSソリューションズ株式会社,東京都港区東新橋1-5-2,東京都/港区/東新橋/一丁目/５番,139.7614,35.66563
20,WORKSTYLING 八重洲,PwC税理士法人,東京都千代田区霞が関3-2?5,東京都/千代田区/霞が関/三丁目/２番,139.74791,35.67119
21,WORKSTYLING 八重洲,Sansan株式会社,東京都渋谷区神宮前5?52?2,東京都/渋谷区/神宮前/五丁目,139.70602,35.66452
8,WORKSTYLING 八重洲,アビームコンサルティング株式会社,東京都千代田区丸の内1-4-1,東京都/千代田区/丸の内/一丁目/４番,139.76479,35.68402
6,WORKSTYLING 八重洲,ウッドワード・ジャパン株式会社,千葉県千葉市美浜区中瀬2-6?1,千葉県/千葉市/美浜区/中瀬/二丁目/６番地,140.03857,35.64831
5,WORKSTYLING 八重洲,オムロン株式会社,東京都目黒区三田1-6-21,東京都/目黒区/三田/一丁目/６番,139.71379,35.639
13,WORKSTYLING 八重洲,クリーンエア・スカンジナビア株式会社,東京都港区東新橋1-5?2,東京都/港区/東新橋/一丁目/５番,139.7614,35.66563
176,WORKSTYLING 八重洲,コクヨ株式会社,東京都港区港南1-8?35,東京都/港区/港南/一丁目/８番,139.74399,35.63012
57,WORKSTYLING 八重洲,シスコシステムズ合同会社,東京都港区赤坂9-7-1,東京都/港区/赤坂/九丁目/７番,139.73221,35.66602
83,WORKSTYLING 八重洲,プライマル株式会社,東京都港区芝1-6-10,東京都/港区/芝/一丁目/６番,139.75487,35.652
55,WORKSTYLING 八重洲,マーサージャパン株式会社,東京都新宿区西新宿3-20?2,東京都/新宿区/西新宿/三丁目/２０番,139.68678,35.68319
54,WORKSTYLING 八重洲,ヤフー株式会社,東京都千代田区紀尾井町1-3,東京都/千代田区/紀尾井町/１番,139.73718,35.67992
30,WORKSTYLING 八重洲,ヤマハ株式会社,東京都港区高輪2?17?11,東京都/港区/高輪/二丁目,139.73688,35.63742
15,WORKSTYLING 八重洲,ユニリーバ・ジャパン・カスタマーマーケティング株式会社,東京都目黒区上目黒2-1-1,東京都/目黒区/上目黒/二丁目/１番,139.69885,35.64357
12,WORKSTYLING 八重洲,ユニリーバ・ジャパン・サービス株式会社,東京都目黒区上目黒2-1-1,東京都/目黒区/上目黒/二丁目/１番,139.69885,35.64357
4,WORKSTYLING 八重洲,ユニリーバ・ジャパン・ホールディングス株式会社,東京都目黒区上目黒2-1-1,東京都/目黒区/上目黒/二丁目/１番,139.69885,35.64357
10,WORKSTYLING 八重洲,ユニリーバ・ジャパン株式会社,東京都目黒区上目黒2-1-1,東京都/目黒区/上目黒/二丁目/１番,139.69885,35.64357
2,WORKSTYLING 八重洲,ららぽーとエージェンシー株式会社,東京都中央区日本橋浜町2-31-1,東京都/中央区/日本橋浜町/二丁目/３１番,139.78699,35.68779
10,WORKSTYLING 八重洲,リソルゴルフ株式会社,東京都新宿区西新宿6-24-1,東京都/新宿区/西新宿/六丁目/２４番,139.68907,35.69525
28,WORKSTYLING 八重洲,リソルホールディングス株式会社,東京都新宿区西新宿6-24-1,東京都/新宿区/西新宿/六丁目/２４番,139.68907,35.69525
8,WORKSTYLING 八重洲,リソルホテル株式会社,東京都新宿区西新宿6-24-1,東京都/新宿区/西新宿/六丁目/２４番,139.68907,35.69525
4,WORKSTYLING 八重洲,リソルライフサポート株式会社,東京都新宿区西新宿6-24-1,東京都/新宿区/西新宿/六丁目/２４番,139.68907,35.69525
3,WORKSTYLING 八重洲,株式会社IHI,東京都江東区豊洲3-1-1,東京都/江東区/豊洲/三丁目/１番,139.79329,35.65923
26,WORKSTYLING 八重洲,株式会社NBFオフィスマネジメント,東京都中央区銀座6-17-1,東京都/中央区/銀座/六丁目/１７番,139.76654,35.66751
335,WORKSTYLING 八重洲,株式会社NTTドコモ,東京都千代田区永田町2-11-1,東京都/千代田区/永田町/二丁目/１１番,139.74059,35.67326
5,WORKSTYLING 八重洲,株式会社インターネットイニシアティブ,東京都千代田区富士見2-10-2,東京都/千代田区/富士見/二丁目/１０番,139.74358,35.69881
3,WORKSTYLING 八重洲,株式会社エナリス,東京都千代田区神田駿河台2-5-1,東京都/千代田区/神田駿河台/二丁目/５番,139.76096,35.7
32,WORKSTYLING 八重洲,株式会社エヌ・ティ・ティ・データ,東京都江東区豊洲3-3-3,東京都/江東区/豊洲/三丁目/３番,139.79672,35.65571
21,WORKSTYLING 八重洲,株式会社エヌ・ティ・ティネオメイト,東京都文京区小石川1-4-1,東京都/文京区/小石川/一丁目/４番,139.75233,35.71002
2,WORKSTYLING 八重洲,株式会社きんでん,東京都千代田区九段南2-1-21 ,東京都/千代田区/九段南/二丁目/１番,139.7468,35.69249
1,WORKSTYLING 八重洲,株式会社クリューシステムズ,東京都千代田区霞が関3-2-6,東京都/千代田区/霞が関/三丁目/２番,139.74791,35.67119
1,WORKSTYLING 八重洲,株式会社シグナルトーク,東京都大田区蒲田5-8-7,東京都/大田区/蒲田/五丁目/８番,139.71884,35.56308
87,WORKSTYLING 八重洲,株式会社シグマクシス,東京都港区虎ノ門4-1-28,東京都/港区/虎ノ門/四丁目/１番,139.74454,35.66541
15,WORKSTYLING 八重洲,株式会社ラック,東京都千代田区平河町2-16-1,東京都/千代田区/平河町/二丁目/１６番,139.74239,35.67955
25,WORKSTYLING 八重洲,株式会社リクルートホールディングス,東京都千代田区丸の内1-9-2,東京都/千代田区/丸の内/一丁目/９番,139.76724,35.68125
3,WORKSTYLING 八重洲,株式会社関電工,東京都港区芝4-8-33,東京都/港区/芝/四丁目/８番,139.75311,35.64881
2,WORKSTYLING 八重洲,株式会社九電工,東京都豊島区東池袋3-1-1,東京都/豊島区/東池袋/三丁目/１番,139.71919,35.72929
14,WORKSTYLING 八重洲,株式会社三菱総合研究所,東京都千代田区永田町2-10-3,東京都/千代田区/永田町/二丁目/１０番,139.73984,35.67485
7,WORKSTYLING 八重洲,株式会社電通,東京都港区東新橋1-8-1,東京都/港区/東新橋/一丁目/８番,139.76227,35.66455
1,WORKSTYLING 八重洲,株式会社電通アドギア,東京都中央区銀座8-21-1,東京都/中央区/銀座/八丁目/２１番,139.7639,35.66413
3,WORKSTYLING 八重洲,株式会社電通国際情報サービス,東京都港区港南2-17-1,東京都/港区/港南/二丁目/１７番,139.73891,35.62531
138,WORKSTYLING 八重洲,株式会社日建設計,東京都千代田区飯田橋2-18-3,東京都/千代田区/飯田橋/二丁目/１８番,139.75116,35.69929
3,WORKSTYLING 八重洲,株式会社日立ビルシステム,東京都千代田区神田淡路町2-101,東京都/千代田区/神田淡路町/二丁目/１０１番地,139.76688,35.69763
5,WORKSTYLING 八重洲,株式会社博報堂,東京都港区赤坂5-3-1,東京都/港区/赤坂/五丁目/３番,139.73517,35.67256
10,WORKSTYLING 八重洲,株式会社富士ゼロックス総合教育研究所,東京都港区六本木3-1-1,東京都/港区/六本木/三丁目/１番,139.73784,35.66545
30,WORKSTYLING 八重洲,株式会社野村総合研究所,東京都千代田区大手町1-9-2,東京都/千代田区/大手町/一丁目/９番,139.76541,35.68829
4,WORKSTYLING 八重洲,株式会社髙島屋,東京都中央区日本橋2-4-1,東京都/中央区/日本橋/二丁目/４番,139.77345,35.68077
8,WORKSTYLING 八重洲,丸紅株式会社,東京都中央区日本橋2-7-1,東京都/中央区/日本橋/二丁目/７番,139.77417,35.68193
1,WORKSTYLING 八重洲,広島電鉄株式会社,広島県広島市中区東千田町2-9-29,広島県/広島市/中区/東千田町/二丁目/９番,132.45941,34.37774
63,WORKSTYLING 八重洲,三井デザインテック株式会社,東京都港区芝3-2?18,東京都/港区/芝/三丁目/２番,139.74657,35.65336
1,WORKSTYLING 八重洲,三井住友海上火災保険株式会社,東京都千代田区神田駿河台3-9,東京都/千代田区/神田駿河台/三丁目/９番,139.76424,35.6966
23,WORKSTYLING 八重洲,三井情報株式会社,東京都港区愛宕2-5-1,東京都/港区/愛宕/二丁目/５番,139.74896,35.66205
20,WORKSTYLING 八重洲,三井不動産ビルマネジメント株式会社,東京都中央区銀座6-17-1,東京都/中央区/銀座/六丁目/１７番,139.76654,35.66751
4,WORKSTYLING 八重洲,三井不動産レジデンシャルリース株式会社,東京都新宿区西新宿2-1-1,東京都/新宿区/西新宿/二丁目/１番,139.69392,35.69166
30,WORKSTYLING 八重洲,三井不動産レジデンシャル株式会社,東京都中央区銀座6-17-1,東京都/中央区/銀座/六丁目/１７番,139.76654,35.66751
1036,WORKSTYLING 八重洲,三井不動産株式会社,東京都中央区日本橋室町2-1-1,東京都/中央区/日本橋室町/二丁目/１番,139.77303,35.6867
9,WORKSTYLING 八重洲,三井不動産商業マネジメント株式会社,東京都中央区日本橋浜町2-31-1,東京都/中央区/日本橋浜町/二丁目/３１番,139.78699,35.68779
5,WORKSTYLING 八重洲,三井不動産投資顧問株式会社,東京都中央区日本橋1-4?1,東京都/中央区/日本橋/一丁目/４番,139.77454,35.68253
50,WORKSTYLING 八重洲,三井物産株式会社,東京都千代田区丸の内1-1-3,東京都/千代田区/丸の内/一丁目/１番,139.76176,35.68456
7,WORKSTYLING 八重洲,三機工業株式会社,東京都中央区明石町8?1,東京都/中央区/明石町/８番,139.77853,35.66677
27,WORKSTYLING 八重洲,資生堂ジャパン株式会社,東京都港区東新橋1-6?2,東京都/港区/東新橋/一丁目/６番,139.76015,35.66426
34,WORKSTYLING 八重洲,鹿島建設株式会社,東京都港区元赤坂1-3-1,東京都/港区/元赤坂/一丁目/３番,139.73395,35.67704
8,WORKSTYLING 八重洲,清水建設株式会社,東京都中央区京橋2-16-1,東京都/中央区/京橋/二丁目/１６番,139.77303,35.67662
3,WORKSTYLING 八重洲,大成建設株式会社,東京都新宿区西新宿1-25-1,東京都/新宿区/西新宿/一丁目/２５番,139.69543,35.69171
54,WORKSTYLING 八重洲,東京電力エナジーパートナー株式会社,東京都港区海岸1-11-1,東京都/港区/海岸/一丁目/１１番,139.76341,35.65524
313,WORKSTYLING 八重洲,凸版印刷株式会社,東京都台東区台東1-5-1,東京都/台東区/台東/一丁目/５番,139.77817,35.70091
9,WORKSTYLING 八重洲,日産自動車株式会社,神奈川県横浜市西区高島1-1-1,神奈川県/横浜市/西区/高島/一丁目/１番,139.62573,35.4633
37,WORKSTYLING 八重洲,日商エレクトロニクス株式会社,東京都千代田区2-3?5,東京都/千代田区/二番町/３番地,139.73779,35.68593
2,WORKSTYLING 八重洲,日本ビジネスシステムズ株式会社,東京都港区虎ノ門1-23-1,東京都/港区/虎ノ門/一丁目/２３番,139.74921,35.66683
17,WORKSTYLING 八重洲,日本ビルファンドマネジメント株式会社,東京都千代田区丸の内1-9-1,東京都/千代田区/丸の内/一丁目/９番,139.76724,35.68125
27,WORKSTYLING 八重洲,日本ユニシス株式会社,東京都江東区豊洲1?1?1,東京都/江東区/豊洲/一丁目,139.79204,35.66181
3,WORKSTYLING 八重洲,能美防災株式会社,東京都千代田区九段南4-7-3,東京都/千代田区/九段南/四丁目/７番,139.73885,35.69127
460,WORKSTYLING 八重洲,富士ゼロックス株式会社,東京都港区赤坂9-7-3,東京都/港区/赤坂/九丁目/７番,139.73221,35.66602
3,WORKSTYLING 八重洲,味の素AGF株式会社,東京都渋谷区初台1-46-3,東京都/渋谷区/初台/一丁目/４６番,139.68829,35.68137
907,WORKSTYLING 八重洲,味の素株式会社,東京都中央区京橋1-15-1,東京都/中央区/京橋/一丁目/１５番,139.77327,35.67701
9,WORKSTYLING 八重洲,味の素冷凍食品株式会社,東京都中央区銀座7-14-13,東京都/中央区/銀座/七丁目/１４番,139.7648,35.66739
2,WORKSTYLING 品川,AGCグラスプロダクツ株式会社,東京都台東区東上野4-24-11,東京都/台東区/東上野/四丁目/２４番,139.78198,35.71535
1,WORKSTYLING 品川,AGC硝子建材株式会社,東京都台東区東上野4-24-11,東京都/台東区/東上野/四丁目/２４番,139.78198,35.71535
28,WORKSTYLING 品川,JFEエンジニアリング株式会社,東京都千代田区丸の内1-8?1,東京都/千代田区/丸の内/一丁目/８番,139.76956,35.68267
1,WORKSTYLING 品川,MXモバイリング株式会社,東京都江東区豊洲3-2-24,東京都/江東区/豊洲/三丁目/２番,139.79486,35.65761
63,WORKSTYLING 品川,NECネッツエスアイ株式会社,東京都文京区後楽2-6-1,東京都/文京区/後楽/二丁目/６番,139.74509,35.7054
12,WORKSTYLING 品川,PwC税理士法人,東京都千代田区霞が関3-2?5,東京都/千代田区/霞が関/三丁目/２番,139.74791,35.67119
3,WORKSTYLING 品川,Sansan株式会社,東京都渋谷区神宮前5?52?2,東京都/渋谷区/神宮前/五丁目,139.70602,35.66452
3,WORKSTYLING 品川,アビームコンサルティング株式会社,東京都千代田区丸の内1-4-1,東京都/千代田区/丸の内/一丁目/４番,139.76479,35.68402
2,WORKSTYLING 品川,ウッドワード・ジャパン株式会社,千葉県千葉市美浜区中瀬2-6?1,千葉県/千葉市/美浜区/中瀬/二丁目/６番地,140.03857,35.64831
1,WORKSTYLING 品川,オムロン株式会社,東京都目黒区三田1-6-21,東京都/目黒区/三田/一丁目/６番,139.71379,35.639
1,WORKSTYLING 品川,クリーンエア・スカンジナビア株式会社,東京都港区東新橋1-5?2,東京都/港区/東新橋/一丁目/５番,139.7614,35.66563
71,WORKSTYLING 品川,コクヨ株式会社,東京都港区港南1-8?35,東京都/港区/港南/一丁目/８番,139.74399,35.63012
10,WORKSTYLING 品川,シスコシステムズ合同会社,東京都港区赤坂9-7-1,東京都/港区/赤坂/九丁目/７番,139.73221,35.66602
9,WORKSTYLING 品川,プライマル株式会社,東京都港区芝1-6-10,東京都/港区/芝/一丁目/６番,139.75487,35.652
17,WORKSTYLING 品川,マーサージャパン株式会社,東京都新宿区西新宿3-20?2,東京都/新宿区/西新宿/三丁目/２０番,139.68678,35.68319
31,WORKSTYLING 品川,ヤフー株式会社,東京都千代田区紀尾井町1-3,東京都/千代田区/紀尾井町/１番,139.73718,35.67992
33,WORKSTYLING 品川,ヤマハ株式会社,東京都港区高輪2?17?11,東京都/港区/高輪/二丁目,139.73688,35.63742
45,WORKSTYLING 品川,ユニリーバ・ジャパン・カスタマーマーケティング株式会社,東京都目黒区上目黒2-1-1,東京都/目黒区/上目黒/二丁目/１番,139.69885,35.64357
4,WORKSTYLING 品川,ユニリーバ・ジャパン・サービス株式会社,東京都目黒区上目黒2-1-1,東京都/目黒区/上目黒/二丁目/１番,139.69885,35.64357
2,WORKSTYLING 品川,ユニリーバ・ジャパン・ホールディングス株式会社,東京都目黒区上目黒2-1-1,東京都/目黒区/上目黒/二丁目/１番,139.69885,35.64357
5,WORKSTYLING 品川,ユニリーバ・ジャパン株式会社,東京都目黒区上目黒2-1-1,東京都/目黒区/上目黒/二丁目/１番,139.69885,35.64357
1,WORKSTYLING 品川,わらべや日洋株式会社,東京都小平市小川東町5-7-10,東京都/小平市/小川東町/五丁目/７番,139.46814,35.73369
13,WORKSTYLING 品川,株式会社NBFオフィスマネジメント,東京都中央区銀座6-17-1,東京都/中央区/銀座/六丁目/１７番,139.76654,35.66751
105,WORKSTYLING 品川,株式会社NTTドコモ,東京都千代田区永田町2-11-1,東京都/千代田区/永田町/二丁目/１１番,139.74059,35.67326
1,WORKSTYLING 品川,株式会社インターネットイニシアティブ,東京都千代田区富士見2-10-2,東京都/千代田区/富士見/二丁目/１０番,139.74358,35.69881
80,WORKSTYLING 品川,株式会社エヌ・ティ・ティ・データ,東京都江東区豊洲3-3-3,東京都/江東区/豊洲/三丁目/３番,139.79672,35.65571
17,WORKSTYLING 品川,株式会社エヌ・ティ・ティネオメイト,東京都文京区小石川1-4-1,東京都/文京区/小石川/一丁目/４番,139.75233,35.71002
1,WORKSTYLING 品川,株式会社きんでん,東京都千代田区九段南2-1-21 ,東京都/千代田区/九段南/二丁目/１番,139.7468,35.69249
1,WORKSTYLING 品川,株式会社クリューシステムズ,東京都千代田区霞が関3-2-6,東京都/千代田区/霞が関/三丁目/２番,139.74791,35.67119
4,WORKSTYLING 品川,株式会社シグナルトーク,東京都大田区蒲田5-8-7,東京都/大田区/蒲田/五丁目/８番,139.71884,35.56308
6,WORKSTYLING 品川,株式会社シグマクシス,東京都港区虎ノ門4-1-28,東京都/港区/虎ノ門/四丁目/１番,139.74454,35.66541
2,WORKSTYLING 品川,株式会社ラック,東京都千代田区平河町2-16-1,東京都/千代田区/平河町/二丁目/１６番,139.74239,35.67955
81,WORKSTYLING 品川,株式会社三菱総合研究所,東京都千代田区永田町2-10-3,東京都/千代田区/永田町/二丁目/１０番,139.73984,35.67485
56,WORKSTYLING 品川,株式会社電通,東京都港区東新橋1-8-1,東京都/港区/東新橋/一丁目/８番,139.76227,35.66455
1,WORKSTYLING 品川,株式会社電通アドギア,東京都中央区銀座8-21-1,東京都/中央区/銀座/八丁目/２１番,139.7639,35.66413
1,WORKSTYLING 品川,株式会社電通国際情報サービス,東京都港区港南2-17-1,東京都/港区/港南/二丁目/１７番,139.73891,35.62531
22,WORKSTYLING 品川,株式会社日建設計,東京都千代田区飯田橋2-18-3,東京都/千代田区/飯田橋/二丁目/１８番,139.75116,35.69929
2,WORKSTYLING 品川,株式会社日立ビルシステム,東京都千代田区神田淡路町2-101,東京都/千代田区/神田淡路町/二丁目/１０１番地,139.76688,35.69763
1,WORKSTYLING 品川,株式会社博報堂,東京都港区赤坂5-3-1,東京都/港区/赤坂/五丁目/３番,139.73517,35.67256
1,WORKSTYLING 品川,株式会社富士ゼロックス総合教育研究所,東京都港区六本木3-1-1,東京都/港区/六本木/三丁目/１番,139.73784,35.66545
30,WORKSTYLING 品川,株式会社野村総合研究所,東京都千代田区大手町1-9-2,東京都/千代田区/大手町/一丁目/９番,139.76541,35.68829
1,WORKSTYLING 品川,株式会社髙島屋,東京都中央区日本橋2-4-1,東京都/中央区/日本橋/二丁目/４番,139.77345,35.68077
10,WORKSTYLING 品川,三井デザインテック株式会社,東京都港区芝3-2?18,東京都/港区/芝/三丁目/２番,139.74657,35.65336
2,WORKSTYLING 品川,三井住友海上火災保険株式会社,東京都千代田区神田駿河台3-9,東京都/千代田区/神田駿河台/三丁目/９番,139.76424,35.6966
30,WORKSTYLING 品川,三井情報株式会社,東京都港区愛宕2-5-1,東京都/港区/愛宕/二丁目/５番,139.74896,35.66205
4,WORKSTYLING 品川,三井不動産ビルマネジメント株式会社,東京都中央区銀座6-17-1,東京都/中央区/銀座/六丁目/１７番,139.76654,35.66751
3,WORKSTYLING 品川,三井不動産レジデンシャルリース株式会社,東京都新宿区西新宿2-1-1,東京都/新宿区/西新宿/二丁目/１番,139.69392,35.69166
1,WORKSTYLING 品川,三井不動産レジデンシャル株式会社,東京都中央区銀座6-17-1,東京都/中央区/銀座/六丁目/１７番,139.76654,35.66751
255,WORKSTYLING 品川,三井不動産株式会社,東京都中央区日本橋室町2-1-1,東京都/中央区/日本橋室町/二丁目/１番,139.77303,35.6867
5,WORKSTYLING 品川,三井不動産商業マネジメント株式会社,東京都中央区日本橋浜町2-31-1,東京都/中央区/日本橋浜町/二丁目/３１番,139.78699,35.68779
19,WORKSTYLING 品川,三井物産株式会社,東京都千代田区丸の内1-1-3,東京都/千代田区/丸の内/一丁目/１番,139.76176,35.68456
1,WORKSTYLING 品川,三機工業株式会社,東京都中央区明石町8?1,東京都/中央区/明石町/８番,139.77853,35.66677
8,WORKSTYLING 品川,資生堂ジャパン株式会社,東京都港区東新橋1-6?2,東京都/港区/東新橋/一丁目/６番,139.76015,35.66426
17,WORKSTYLING 品川,鹿島建設株式会社,東京都港区元赤坂1-3-1,東京都/港区/元赤坂/一丁目/３番,139.73395,35.67704
1,WORKSTYLING 品川,大成建設株式会社,東京都新宿区西新宿1-25-1,東京都/新宿区/西新宿/一丁目/２５番,139.69543,35.69171
10,WORKSTYLING 品川,東京電力エナジーパートナー株式会社,東京都港区海岸1-11-1,東京都/港区/海岸/一丁目/１１番,139.76341,35.65524
100,WORKSTYLING 品川,凸版印刷株式会社,東京都台東区台東1-5-1,東京都/台東区/台東/一丁目/５番,139.77817,35.70091
25,WORKSTYLING 品川,日商エレクトロニクス株式会社,東京都千代田区2-3?5,東京都/千代田区/二番町/３番地,139.73779,35.68593
13,WORKSTYLING 品川,日本ビジネスシステムズ株式会社,東京都港区虎ノ門1-23-1,東京都/港区/虎ノ門/一丁目/２３番,139.74921,35.66683
1,WORKSTYLING 品川,日本ビルファンドマネジメント株式会社,東京都千代田区丸の内1-9-1,東京都/千代田区/丸の内/一丁目/９番,139.76724,35.68125
1,WORKSTYLING 品川,日本ユニシス株式会社,東京都江東区豊洲1?1?1,東京都/江東区/豊洲/一丁目,139.79204,35.66181
377,WORKSTYLING 品川,富士ゼロックス株式会社,東京都港区赤坂9-7-3,東京都/港区/赤坂/九丁目/７番,139.73221,35.66602
11,WORKSTYLING 品川,味の素AGF株式会社,東京都渋谷区初台1-46-3,東京都/渋谷区/初台/一丁目/４６番,139.68829,35.68137
333,WORKSTYLING 品川,味の素株式会社,東京都中央区京橋1-15-1,東京都/中央区/京橋/一丁目/１５番,139.77327,35.67701
3,WORKSTYLING 品川,味の素冷凍食品株式会社,東京都中央区銀座7-14-13,東京都/中央区/銀座/七丁目/１４番,139.7648,35.66739
2,WORKSTYLING 浜松町,AGCグラスプロダクツ株式会社,東京都台東区東上野4-24-11,東京都/台東区/東上野/四丁目/２４番,139.78198,35.71535
10,WORKSTYLING 浜松町,JFEエンジニアリング株式会社,東京都千代田区丸の内1-8?1,東京都/千代田区/丸の内/一丁目/８番,139.76956,35.68267
11,WORKSTYLING 浜松町,NECネッツエスアイ株式会社,東京都文京区後楽2-6-1,東京都/文京区/後楽/二丁目/６番,139.74509,35.7054
4,WORKSTYLING 浜松町,Sansan株式会社,東京都渋谷区神宮前5?52?2,東京都/渋谷区/神宮前/五丁目,139.70602,35.66452
2,WORKSTYLING 浜松町,アビームコンサルティング株式会社,東京都千代田区丸の内1-4-1,東京都/千代田区/丸の内/一丁目/４番,139.76479,35.68402
1,WORKSTYLING 浜松町,オムロン株式会社,東京都目黒区三田1-6-21,東京都/目黒区/三田/一丁目/６番,139.71379,35.639
14,WORKSTYLING 浜松町,コクヨ株式会社,東京都港区港南1-8?35,東京都/港区/港南/一丁目/８番,139.74399,35.63012
10,WORKSTYLING 浜松町,シスコシステムズ合同会社,東京都港区赤坂9-7-1,東京都/港区/赤坂/九丁目/７番,139.73221,35.66602
3,WORKSTYLING 浜松町,プライマル株式会社,東京都港区芝1-6-10,東京都/港区/芝/一丁目/６番,139.75487,35.652
4,WORKSTYLING 浜松町,マーサージャパン株式会社,東京都新宿区西新宿3-20?2,東京都/新宿区/西新宿/三丁目/２０番,139.68678,35.68319
2,WORKSTYLING 浜松町,ヤフー株式会社,東京都千代田区紀尾井町1-3,東京都/千代田区/紀尾井町/１番,139.73718,35.67992
4,WORKSTYLING 浜松町,ヤマハ株式会社,東京都港区高輪2?17?11,東京都/港区/高輪/二丁目,139.73688,35.63742
9,WORKSTYLING 浜松町,株式会社NBFオフィスマネジメント,東京都中央区銀座6-17-1,東京都/中央区/銀座/六丁目/１７番,139.76654,35.66751
36,WORKSTYLING 浜松町,株式会社NTTドコモ,東京都千代田区永田町2-11-1,東京都/千代田区/永田町/二丁目/１１番,139.74059,35.67326
1,WORKSTYLING 浜松町,株式会社インターネットイニシアティブ,東京都千代田区富士見2-10-2,東京都/千代田区/富士見/二丁目/１０番,139.74358,35.69881
1,WORKSTYLING 浜松町,株式会社エヌ・ティ・ティ・データ,東京都江東区豊洲3-3-3,東京都/江東区/豊洲/三丁目/３番,139.79672,35.65571
7,WORKSTYLING 浜松町,株式会社エヌ・ティ・ティネオメイト,東京都文京区小石川1-4-1,東京都/文京区/小石川/一丁目/４番,139.75233,35.71002
2,WORKSTYLING 浜松町,株式会社サカワ,東京都港区港南2-16-4,東京都/港区/港南/二丁目/１６番,139.74068,35.62649
13,WORKSTYLING 浜松町,株式会社シグマクシス,東京都港区虎ノ門4-1-28,東京都/港区/虎ノ門/四丁目/１番,139.74454,35.66541
4,WORKSTYLING 浜松町,株式会社ラック,東京都千代田区平河町2-16-1,東京都/千代田区/平河町/二丁目/１６番,139.74239,35.67955
2,WORKSTYLING 浜松町,株式会社三菱総合研究所,東京都千代田区永田町2-10-3,東京都/千代田区/永田町/二丁目/１０番,139.73984,35.67485
5,WORKSTYLING 浜松町,株式会社電通,東京都港区東新橋1-8-1,東京都/港区/東新橋/一丁目/８番,139.76227,35.66455
2,WORKSTYLING 浜松町,株式会社電通国際情報サービス,東京都港区港南2-17-1,東京都/港区/港南/二丁目/１７番,139.73891,35.62531
7,WORKSTYLING 浜松町,株式会社日建設計,東京都千代田区飯田橋2-18-3,東京都/千代田区/飯田橋/二丁目/１８番,139.75116,35.69929
1,WORKSTYLING 浜松町,株式会社博報堂,東京都港区赤坂5-3-1,東京都/港区/赤坂/五丁目/３番,139.73517,35.67256
1,WORKSTYLING 浜松町,株式会社富士ゼロックス総合教育研究所,東京都港区六本木3-1-1,東京都/港区/六本木/三丁目/１番,139.73784,35.66545
3,WORKSTYLING 浜松町,株式会社野村総合研究所,東京都千代田区大手町1-9-2,東京都/千代田区/大手町/一丁目/９番,139.76541,35.68829
9,WORKSTYLING 浜松町,三井デザインテック株式会社,東京都港区芝3-2?18,東京都/港区/芝/三丁目/２番,139.74657,35.65336
9,WORKSTYLING 浜松町,三井不動産ビルマネジメント株式会社,東京都中央区銀座6-17-1,東京都/中央区/銀座/六丁目/１７番,139.76654,35.66751
97,WORKSTYLING 浜松町,三井不動産株式会社,東京都中央区日本橋室町2-1-1,東京都/中央区/日本橋室町/二丁目/１番,139.77303,35.6867
2,WORKSTYLING 浜松町,三井不動産商業マネジメント株式会社,東京都中央区日本橋浜町2-31-1,東京都/中央区/日本橋浜町/二丁目/３１番,139.78699,35.68779
2,WORKSTYLING 浜松町,三井物産株式会社,東京都千代田区丸の内1-1-3,東京都/千代田区/丸の内/一丁目/１番,139.76176,35.68456
1,WORKSTYLING 浜松町,清水建設株式会社,東京都中央区京橋2-16-1,東京都/中央区/京橋/二丁目/１６番,139.77303,35.67662
1,WORKSTYLING 浜松町,大成建設株式会社,東京都新宿区西新宿1-25-1,東京都/新宿区/西新宿/一丁目/２５番,139.69543,35.69171
14,WORKSTYLING 浜松町,東京電力エナジーパートナー株式会社,東京都港区海岸1-11-1,東京都/港区/海岸/一丁目/１１番,139.76341,35.65524
30,WORKSTYLING 浜松町,凸版印刷株式会社,東京都台東区台東1-5-1,東京都/台東区/台東/一丁目/５番,139.77817,35.70091
3,WORKSTYLING 浜松町,日商エレクトロニクス株式会社,東京都千代田区2-3?5,東京都/千代田区/二番町/３番地,139.73779,35.68593
1,WORKSTYLING 浜松町,日本ビジネスシステムズ株式会社,東京都港区虎ノ門1-23-1,東京都/港区/虎ノ門/一丁目/２３番,139.74921,35.66683
2,WORKSTYLING 浜松町,日本ビルファンドマネジメント株式会社,東京都千代田区丸の内1-9-1,東京都/千代田区/丸の内/一丁目/９番,139.76724,35.68125
2,WORKSTYLING 浜松町,能美防災株式会社,東京都千代田区九段南4-7-3,東京都/千代田区/九段南/四丁目/７番,139.73885,35.69127
80,WORKSTYLING 浜松町,富士ゼロックス株式会社,東京都港区赤坂9-7-3,東京都/港区/赤坂/九丁目/７番,139.73221,35.66602
43,WORKSTYLING 浜松町,味の素株式会社,東京都中央区京橋1-15-1,東京都/中央区/京橋/一丁目/１５番,139.77327,35.67701
3,WORKSTYLING 浜松町,味の素冷凍食品株式会社,東京都中央区銀座7-14-13,東京都/中央区/銀座/七丁目/１４番,139.7648,35.66739
2,WORKSTYLING 豊洲,AGCグラスプロダクツ株式会社,東京都台東区東上野4-24-11,東京都/台東区/東上野/四丁目/２４番,139.78198,35.71535
1,WORKSTYLING 豊洲,DSM株式会社,東京都港区芝公園2-6-3,東京都/港区/芝公園/二丁目/６番,139.75049,35.65554
8,WORKSTYLING 豊洲,JFEエンジニアリング株式会社,東京都千代田区丸の内1-8?1,東京都/千代田区/丸の内/一丁目/８番,139.76956,35.68267
1,WORKSTYLING 豊洲,LINDT ＆ SPRUNGLI JAPAN株式会社,東京都港区南青山3-13-18,東京都/港区/南青山/三丁目/１３番,139.71375,35.66557
29,WORKSTYLING 豊洲,NECネッツエスアイ株式会社,東京都文京区後楽2-6-1,東京都/文京区/後楽/二丁目/６番,139.74509,35.7054
13,WORKSTYLING 豊洲,PwC税理士法人,東京都千代田区霞が関3-2?5,東京都/千代田区/霞が関/三丁目/２番,139.74791,35.67119
3,WORKSTYLING 豊洲,Sansan株式会社,東京都渋谷区神宮前5?52?2,東京都/渋谷区/神宮前/五丁目,139.70602,35.66452
45,WORKSTYLING 豊洲,コクヨ株式会社,東京都港区港南1-8?35,東京都/港区/港南/一丁目/８番,139.74399,35.63012
10,WORKSTYLING 豊洲,シスコシステムズ合同会社,東京都港区赤坂9-7-1,東京都/港区/赤坂/九丁目/７番,139.73221,35.66602
7,WORKSTYLING 豊洲,プライマル株式会社,東京都港区芝1-6-10,東京都/港区/芝/一丁目/６番,139.75487,35.652
1,WORKSTYLING 豊洲,マーサージャパン株式会社,東京都新宿区西新宿3-20?2,東京都/新宿区/西新宿/三丁目/２０番,139.68678,35.68319
45,WORKSTYLING 豊洲,ヤフー株式会社,東京都千代田区紀尾井町1-3,東京都/千代田区/紀尾井町/１番,139.73718,35.67992
1,WORKSTYLING 豊洲,ヤマハ株式会社,東京都港区高輪2?17?11,東京都/港区/高輪/二丁目,139.73688,35.63742
22,WORKSTYLING 豊洲,ユニリーバ・ジャパン・カスタマーマーケティング株式会社,東京都目黒区上目黒2-1-1,東京都/目黒区/上目黒/二丁目/１番,139.69885,35.64357
1,WORKSTYLING 豊洲,ユニリーバ・ジャパン・サービス株式会社,東京都目黒区上目黒2-1-1,東京都/目黒区/上目黒/二丁目/１番,139.69885,35.64357
11,WORKSTYLING 豊洲,ららぽーとエージェンシー株式会社,東京都中央区日本橋浜町2-31-1,東京都/中央区/日本橋浜町/二丁目/３１番,139.78699,35.68779
1,WORKSTYLING 豊洲,株式会社NBFオフィスマネジメント,東京都中央区銀座6-17-1,東京都/中央区/銀座/六丁目/１７番,139.76654,35.66751
58,WORKSTYLING 豊洲,株式会社NTTドコモ,東京都千代田区永田町2-11-1,東京都/千代田区/永田町/二丁目/１１番,139.74059,35.67326
5,WORKSTYLING 豊洲,株式会社エヌ・ティ・ティ・データ,東京都江東区豊洲3-3-3,東京都/江東区/豊洲/三丁目/３番,139.79672,35.65571
1,WORKSTYLING 豊洲,株式会社エヌ・ティ・ティネオメイト,東京都文京区小石川1-4-1,東京都/文京区/小石川/一丁目/４番,139.75233,35.71002
1,WORKSTYLING 豊洲,株式会社きんでん,東京都千代田区九段南2-1-21 ,東京都/千代田区/九段南/二丁目/１番,139.7468,35.69249
1,WORKSTYLING 豊洲,株式会社シグマクシス,東京都港区虎ノ門4-1-28,東京都/港区/虎ノ門/四丁目/１番,139.74454,35.66541
13,WORKSTYLING 豊洲,株式会社ラック,東京都千代田区平河町2-16-1,東京都/千代田区/平河町/二丁目/１６番,139.74239,35.67955
37,WORKSTYLING 豊洲,株式会社三菱総合研究所,東京都千代田区永田町2-10-3,東京都/千代田区/永田町/二丁目/１０番,139.73984,35.67485
11,WORKSTYLING 豊洲,株式会社電通,東京都港区東新橋1-8-1,東京都/港区/東新橋/一丁目/８番,139.76227,35.66455
11,WORKSTYLING 豊洲,株式会社電通国際情報サービス,東京都港区港南2-17-1,東京都/港区/港南/二丁目/１７番,139.73891,35.62531
6,WORKSTYLING 豊洲,株式会社日建設計,東京都千代田区飯田橋2-18-3,東京都/千代田区/飯田橋/二丁目/１８番,139.75116,35.69929
1,WORKSTYLING 豊洲,株式会社日立ビルシステム,東京都千代田区神田淡路町2-101,東京都/千代田区/神田淡路町/二丁目/１０１番地,139.76688,35.69763
6,WORKSTYLING 豊洲,株式会社富士ゼロックス総合教育研究所,東京都港区六本木3-1-1,東京都/港区/六本木/三丁目/１番,139.73784,35.66545
10,WORKSTYLING 豊洲,株式会社野村総合研究所,東京都千代田区大手町1-9-2,東京都/千代田区/大手町/一丁目/９番,139.76541,35.68829
1,WORKSTYLING 豊洲,丸紅株式会社,東京都中央区日本橋2-7-1,東京都/中央区/日本橋/二丁目/７番,139.77417,35.68193
3,WORKSTYLING 豊洲,三井デザインテック株式会社,東京都港区芝3-2?18,東京都/港区/芝/三丁目/２番,139.74657,35.65336
1,WORKSTYLING 豊洲,三井情報株式会社,東京都港区愛宕2-5-1,東京都/港区/愛宕/二丁目/５番,139.74896,35.66205
8,WORKSTYLING 豊洲,三井不動産ビルマネジメント株式会社,東京都中央区銀座6-17-1,東京都/中央区/銀座/六丁目/１７番,139.76654,35.66751
1,WORKSTYLING 豊洲,三井不動産レジデンシャルリース株式会社,東京都新宿区西新宿2-1-1,東京都/新宿区/西新宿/二丁目/１番,139.69392,35.69166
75,WORKSTYLING 豊洲,三井不動産レジデンシャル株式会社,東京都中央区銀座6-17-1,東京都/中央区/銀座/六丁目/１７番,139.76654,35.66751
135,WORKSTYLING 豊洲,三井不動産株式会社,東京都中央区日本橋室町2-1-1,東京都/中央区/日本橋室町/二丁目/１番,139.77303,35.6867
4,WORKSTYLING 豊洲,三井不動産商業マネジメント株式会社,東京都中央区日本橋浜町2-31-1,東京都/中央区/日本橋浜町/二丁目/３１番,139.78699,35.68779
1,WORKSTYLING 豊洲,三井不動産投資顧問株式会社,東京都中央区日本橋1-4?1,東京都/中央区/日本橋/一丁目/４番,139.77454,35.68253
9,WORKSTYLING 豊洲,三井物産株式会社,東京都千代田区丸の内1-1-3,東京都/千代田区/丸の内/一丁目/１番,139.76176,35.68456
10,WORKSTYLING 豊洲,資生堂ジャパン株式会社,東京都港区東新橋1-6?2,東京都/港区/東新橋/一丁目/６番,139.76015,35.66426
4,WORKSTYLING 豊洲,鹿島建設株式会社,東京都港区元赤坂1-3-1,東京都/港区/元赤坂/一丁目/３番,139.73395,35.67704
2,WORKSTYLING 豊洲,清水建設株式会社,東京都中央区京橋2-16-1,東京都/中央区/京橋/二丁目/１６番,139.77303,35.67662
3,WORKSTYLING 豊洲,東京電力エナジーパートナー株式会社,東京都港区海岸1-11-1,東京都/港区/海岸/一丁目/１１番,139.76341,35.65524
46,WORKSTYLING 豊洲,凸版印刷株式会社,東京都台東区台東1-5-1,東京都/台東区/台東/一丁目/５番,139.77817,35.70091
22,WORKSTYLING 豊洲,日商エレクトロニクス株式会社,東京都千代田区2-3?5,東京都/千代田区/二番町/３番地,139.73779,35.68593
185,WORKSTYLING 豊洲,富士ゼロックス株式会社,東京都港区赤坂9-7-3,東京都/港区/赤坂/九丁目/７番,139.73221,35.66602
2,WORKSTYLING 豊洲,味の素AGF株式会社,東京都渋谷区初台1-46-3,東京都/渋谷区/初台/一丁目/４６番,139.68829,35.68137
115,WORKSTYLING 豊洲,味の素株式会社,東京都中央区京橋1-15-1,東京都/中央区/京橋/一丁目/１５番,139.77327,35.67701
3,WORKSTYLING 名古屋,AGCグラスプロダクツ株式会社,東京都台東区東上野4-24-11,東京都/台東区/東上野/四丁目/２４番,139.78198,35.71535
15,WORKSTYLING 名古屋,DSM株式会社,東京都港区芝公園2-6-3,東京都/港区/芝公園/二丁目/６番,139.75049,35.65554
1,WORKSTYLING 名古屋,Sansan株式会社,東京都渋谷区神宮前5?52?2,東京都/渋谷区/神宮前/五丁目,139.70602,35.66452
2,WORKSTYLING 名古屋,ウッドワード・ジャパン株式会社,千葉県千葉市美浜区中瀬2-6?1,千葉県/千葉市/美浜区/中瀬/二丁目/６番地,140.03857,35.64831
1,WORKSTYLING 名古屋,オムロン株式会社,東京都目黒区三田1-6-21,東京都/目黒区/三田/一丁目/６番,139.71379,35.639
2,WORKSTYLING 名古屋,クリーンエア・スカンジナビア株式会社,東京都港区東新橋1-5?2,東京都/港区/東新橋/一丁目/５番,139.7614,35.66563
1,WORKSTYLING 名古屋,コクヨ株式会社,東京都港区港南1-8?35,東京都/港区/港南/一丁目/８番,139.74399,35.63012
8,WORKSTYLING 名古屋,マーサージャパン株式会社,東京都新宿区西新宿3-20?2,東京都/新宿区/西新宿/三丁目/２０番,139.68678,35.68319
39,WORKSTYLING 名古屋,ヤフー株式会社,東京都千代田区紀尾井町1-3,東京都/千代田区/紀尾井町/１番,139.73718,35.67992
3,WORKSTYLING 名古屋,ヤマハ株式会社,東京都港区高輪2?17?11,東京都/港区/高輪/二丁目,139.73688,35.63742
1,WORKSTYLING 名古屋,リソルゴルフ株式会社,東京都新宿区西新宿6-24-1,東京都/新宿区/西新宿/六丁目/２４番,139.68907,35.69525
1,WORKSTYLING 名古屋,株式会社NBFオフィスマネジメント,東京都中央区銀座6-17-1,東京都/中央区/銀座/六丁目/１７番,139.76654,35.66751
6,WORKSTYLING 名古屋,株式会社NTTドコモ,東京都千代田区永田町2-11-1,東京都/千代田区/永田町/二丁目/１１番,139.74059,35.67326
6,WORKSTYLING 名古屋,株式会社エヌ・ティ・ティ・データ,東京都江東区豊洲3-3-3,東京都/江東区/豊洲/三丁目/３番,139.79672,35.65571
3,WORKSTYLING 名古屋,株式会社シグマクシス,東京都港区虎ノ門4-1-28,東京都/港区/虎ノ門/四丁目/１番,139.74454,35.66541
4,WORKSTYLING 名古屋,株式会社三菱総合研究所,東京都千代田区永田町2-10-3,東京都/千代田区/永田町/二丁目/１０番,139.73984,35.67485
1,WORKSTYLING 名古屋,株式会社電通,東京都港区東新橋1-8-1,東京都/港区/東新橋/一丁目/８番,139.76227,35.66455
7,WORKSTYLING 名古屋,株式会社日建設計,東京都千代田区飯田橋2-18-3,東京都/千代田区/飯田橋/二丁目/１８番,139.75116,35.69929
1,WORKSTYLING 名古屋,株式会社日立ビルシステム,東京都千代田区神田淡路町2-101,東京都/千代田区/神田淡路町/二丁目/１０１番地,139.76688,35.69763
1,WORKSTYLING 名古屋,株式会社博報堂,東京都港区赤坂5-3-1,東京都/港区/赤坂/五丁目/３番,139.73517,35.67256
8,WORKSTYLING 名古屋,株式会社富士ゼロックス総合教育研究所,東京都港区六本木3-1-1,東京都/港区/六本木/三丁目/１番,139.73784,35.66545
2,WORKSTYLING 名古屋,株式会社髙島屋,東京都中央区日本橋2-4-1,東京都/中央区/日本橋/二丁目/４番,139.77345,35.68077
6,WORKSTYLING 名古屋,三井デザインテック株式会社,東京都港区芝3-2?18,東京都/港区/芝/三丁目/２番,139.74657,35.65336
5,WORKSTYLING 名古屋,三井不動産ビルマネジメント株式会社,東京都中央区銀座6-17-1,東京都/中央区/銀座/六丁目/１７番,139.76654,35.66751
2,WORKSTYLING 名古屋,三井不動産レジデンシャルリース株式会社,東京都新宿区西新宿2-1-1,東京都/新宿区/西新宿/二丁目/１番,139.69392,35.69166
76,WORKSTYLING 名古屋,三井不動産株式会社,東京都中央区日本橋室町2-1-1,東京都/中央区/日本橋室町/二丁目/１番,139.77303,35.6867
2,WORKSTYLING 名古屋,三井不動産商業マネジメント株式会社,東京都中央区日本橋浜町2-31-1,東京都/中央区/日本橋浜町/二丁目/３１番,139.78699,35.68779
2,WORKSTYLING 名古屋,鹿島建設株式会社,東京都港区元赤坂1-3-1,東京都/港区/元赤坂/一丁目/３番,139.73395,35.67704
1,WORKSTYLING 名古屋,東京電力エナジーパートナー株式会社,東京都港区海岸1-11-1,東京都/港区/海岸/一丁目/１１番,139.76341,35.65524
45,WORKSTYLING 名古屋,凸版印刷株式会社,東京都台東区台東1-5-1,東京都/台東区/台東/一丁目/５番,139.77817,35.70091
2,WORKSTYLING 名古屋,日本ビジネスシステムズ株式会社,東京都港区虎ノ門1-23-1,東京都/港区/虎ノ門/一丁目/２３番,139.74921,35.66683
1,WORKSTYLING 名古屋,日本ユニシス株式会社,東京都江東区豊洲1?1?1,東京都/江東区/豊洲/一丁目,139.79204,35.66181
66,WORKSTYLING 名古屋,富士ゼロックス株式会社,東京都港区赤坂9-7-3,東京都/港区/赤坂/九丁目/７番,139.73221,35.66602
1,WORKSTYLING 名古屋,味の素AGF株式会社,東京都渋谷区初台1-46-3,東京都/渋谷区/初台/一丁目/４６番,139.68829,35.68137
13,WORKSTYLING 名古屋,味の素株式会社,東京都中央区京橋1-15-1,東京都/中央区/京橋/一丁目/１５番,139.77327,35.67701
1,WORKSTYLING 名古屋,味の素冷凍食品株式会社,東京都中央区銀座7-14-13,東京都/中央区/銀座/七丁目/１４番,139.7648,35.66739
2,WORKSTYLING 立川,DSM株式会社,東京都港区芝公園2-6-3,東京都/港区/芝公園/二丁目/６番,139.75049,35.65554
12,WORKSTYLING 立川,JFEエンジニアリング株式会社,東京都千代田区丸の内1-8?1,東京都/千代田区/丸の内/一丁目/８番,139.76956,35.68267
3,WORKSTYLING 立川,LINDT ＆ SPRUNGLI JAPAN株式会社,東京都港区南青山3-13-18,東京都/港区/南青山/三丁目/１３番,139.71375,35.66557
11,WORKSTYLING 立川,NECネッツエスアイ株式会社,東京都文京区後楽2-6-1,東京都/文京区/後楽/二丁目/６番,139.74509,35.7054
10,WORKSTYLING 立川,PwC税理士法人,東京都千代田区霞が関3-2?5,東京都/千代田区/霞が関/三丁目/２番,139.74791,35.67119
20,WORKSTYLING 立川,コクヨ株式会社,東京都港区港南1-8?35,東京都/港区/港南/一丁目/８番,139.74399,35.63012
14,WORKSTYLING 立川,シスコシステムズ合同会社,東京都港区赤坂9-7-1,東京都/港区/赤坂/九丁目/７番,139.73221,35.66602
1,WORKSTYLING 立川,プライマル株式会社,東京都港区芝1-6-10,東京都/港区/芝/一丁目/６番,139.75487,35.652
1,WORKSTYLING 立川,マーサージャパン株式会社,東京都新宿区西新宿3-20?2,東京都/新宿区/西新宿/三丁目/２０番,139.68678,35.68319
32,WORKSTYLING 立川,ヤフー株式会社,東京都千代田区紀尾井町1-3,東京都/千代田区/紀尾井町/１番,139.73718,35.67992
1,WORKSTYLING 立川,ヤマハ株式会社,東京都港区高輪2?17?11,東京都/港区/高輪/二丁目,139.73688,35.63742
2,WORKSTYLING 立川,ユニリーバ・ジャパン・カスタマーマーケティング株式会社,東京都目黒区上目黒2-1-1,東京都/目黒区/上目黒/二丁目/１番,139.69885,35.64357
8,WORKSTYLING 立川,ユニリーバ・ジャパン・サービス株式会社,東京都目黒区上目黒2-1-1,東京都/目黒区/上目黒/二丁目/１番,139.69885,35.64357
1,WORKSTYLING 立川,ユニリーバ・ジャパン株式会社,東京都目黒区上目黒2-1-1,東京都/目黒区/上目黒/二丁目/１番,139.69885,35.64357
8,WORKSTYLING 立川,ららぽーとエージェンシー株式会社,東京都中央区日本橋浜町2-31-1,東京都/中央区/日本橋浜町/二丁目/３１番,139.78699,35.68779
2,WORKSTYLING 立川,わらべや日洋株式会社,東京都小平市小川東町5-7-10,東京都/小平市/小川東町/五丁目/７番,139.46814,35.73369
12,WORKSTYLING 立川,株式会社NTTドコモ,東京都千代田区永田町2-11-1,東京都/千代田区/永田町/二丁目/１１番,139.74059,35.67326
14,WORKSTYLING 立川,株式会社エヌ・ティ・ティ・データ,東京都江東区豊洲3-3-3,東京都/江東区/豊洲/三丁目/３番,139.79672,35.65571
3,WORKSTYLING 立川,株式会社エヌ・ティ・ティネオメイト,東京都文京区小石川1-4-1,東京都/文京区/小石川/一丁目/４番,139.75233,35.71002
2,WORKSTYLING 立川,株式会社ラック,東京都千代田区平河町2-16-1,東京都/千代田区/平河町/二丁目/１６番,139.74239,35.67955
1,WORKSTYLING 立川,株式会社電通国際情報サービス,東京都港区港南2-17-1,東京都/港区/港南/二丁目/１７番,139.73891,35.62531
5,WORKSTYLING 立川,株式会社日建設計,東京都千代田区飯田橋2-18-3,東京都/千代田区/飯田橋/二丁目/１８番,139.75116,35.69929
1,WORKSTYLING 立川,株式会社富士ゼロックス総合教育研究所,東京都港区六本木3-1-1,東京都/港区/六本木/三丁目/１番,139.73784,35.66545
1,WORKSTYLING 立川,株式会社野村総合研究所,東京都千代田区大手町1-9-2,東京都/千代田区/大手町/一丁目/９番,139.76541,35.68829
3,WORKSTYLING 立川,株式会社髙島屋,東京都中央区日本橋2-4-1,東京都/中央区/日本橋/二丁目/４番,139.77345,35.68077
3,WORKSTYLING 立川,三井デザインテック株式会社,東京都港区芝3-2?18,東京都/港区/芝/三丁目/２番,139.74657,35.65336
2,WORKSTYLING 立川,三井情報株式会社,東京都港区愛宕2-5-1,東京都/港区/愛宕/二丁目/５番,139.74896,35.66205
3,WORKSTYLING 立川,三井不動産ビルマネジメント株式会社,東京都中央区銀座6-17-1,東京都/中央区/銀座/六丁目/１７番,139.76654,35.66751
10,WORKSTYLING 立川,三井不動産レジデンシャルリース株式会社,東京都新宿区西新宿2-1-1,東京都/新宿区/西新宿/二丁目/１番,139.69392,35.69166
18,WORKSTYLING 立川,三井不動産レジデンシャル株式会社,東京都中央区銀座6-17-1,東京都/中央区/銀座/六丁目/１７番,139.76654,35.66751
59,WORKSTYLING 立川,三井不動産株式会社,東京都中央区日本橋室町2-1-1,東京都/中央区/日本橋室町/二丁目/１番,139.77303,35.6867
3,WORKSTYLING 立川,三井不動産商業マネジメント株式会社,東京都中央区日本橋浜町2-31-1,東京都/中央区/日本橋浜町/二丁目/３１番,139.78699,35.68779
2,WORKSTYLING 立川,三井物産株式会社,東京都千代田区丸の内1-1-3,東京都/千代田区/丸の内/一丁目/１番,139.76176,35.68456
1,WORKSTYLING 立川,資生堂ジャパン株式会社,東京都港区東新橋1-6?2,東京都/港区/東新橋/一丁目/６番,139.76015,35.66426
3,WORKSTYLING 立川,鹿島建設株式会社,東京都港区元赤坂1-3-1,東京都/港区/元赤坂/一丁目/３番,139.73395,35.67704
3,WORKSTYLING 立川,東京電力エナジーパートナー株式会社,東京都港区海岸1-11-1,東京都/港区/海岸/一丁目/１１番,139.76341,35.65524
15,WORKSTYLING 立川,凸版印刷株式会社,東京都台東区台東1-5-1,東京都/台東区/台東/一丁目/５番,139.77817,35.70091
29,WORKSTYLING 立川,日商エレクトロニクス株式会社,東京都千代田区2-3?5,東京都/千代田区/二番町/３番地,139.73779,35.68593
2,WORKSTYLING 立川,日本ビルファンドマネジメント株式会社,東京都千代田区丸の内1-9-1,東京都/千代田区/丸の内/一丁目/９番,139.76724,35.68125
27,WORKSTYLING 立川,富士ゼロックス株式会社,東京都港区赤坂9-7-3,東京都/港区/赤坂/九丁目/７番,139.73221,35.66602
1,WORKSTYLING 立川,味の素AGF株式会社,東京都渋谷区初台1-46-3,東京都/渋谷区/初台/一丁目/４６番,139.68829,35.68137
158,WORKSTYLING 立川,味の素株式会社,東京都中央区京橋1-15-1,東京都/中央区/京橋/一丁目/１５番,139.77327,35.67701
